pm25Grade1h,pm10Value24,so2Value,pm10Grade1h,pm10Value,o3Grade,pm25Flag,khaiGrade,pm25Value,no2Flag,mangName,stationName,no2Value,so2Grade,stationCode,coFlag,khaiValue,coValue,pm10Flag,sidoName,pm25Value24,no2Grade,o3Flag,pm25Grade,so2Flag,coGrade,dataTime,pm10Grade,o3Value
1.0,20,0.003,1.0,15,1.0,,1.0,11,,도시대기,중구,0.01,1.0,111121,,49,0.3,,서울,14,1.0,,1.0,,1.0,2025-07-07 01:00,1.0,0.029
1.0,33,0.002,1.0,26,1.0,,2.0,10,,도로변대기,한강대로,0.013,1.0,111122,,53,0.4,,서울,15,1.0,,1.0,,1.0,2025-07-07 01:00,2.0,0.019
1.0,22,0.003,1.0,18,1.0,,2.0,12,,도시대기,종로구,0.012,1.0,111123,,51,0.3,,서울,16,1.0,,2.0,,1.0,2025-07-07 01:00,1.0,0.025
2.0,29,0.003,1.0,27,1.0,,2.0,17,,도로변대기,청계천로,0.01,1.0,111124,,51,0.3,,서울,16,1.0,,2.0,,1.0,2025-07-07 01:00,1.0,0.022
1.0,23,0.003,1.0,18,1.0,,1.0,11,,도로변대기,종로,0.01,1.0,111125,,50,0.3,,서울,15,1.0,,1.0,,1.0,2025-07-07 01:00,1.0,0.02
2.0,25,0.003,,-,1.0,,2.0,20,,도시대기,용산구,0.011,1.0,111131,,59,0.3,통신장애,서울,19,1.0,,2.0,,1.0,2025-07-07 01:00,1.0,0.022
2.0,29,0.003,1.0,24,1.0,,2.0,17,,도시대기,광진구,0.009,1.0,111141,,56,0.4,,서울,18,1.0,,2.0,,1.0,2025-07-07 01:00,1.0,0.029
2.0,24,0.003,,-,1.0,,2.0,18,,도시대기,성동구,0.01,1.0,111142,,54,0.3,통신장애,서울,17,1.0,,2.0,,1.0,2025-07-07 01:00,1.0,0.024
1.0,26,0.003,1.0,20,1.0,,1.0,3,,도로변대기,강변북로,0.011,1.0,111143,,43,0.3,,서울,6,1.0,,1.0,,1.0,2025-07-07 01:00,1.0,0.02
1.0,30,0.003,1.0,24,1.0,,2.0,14,,도시대기,중랑구,0.01,1.0,111151,,56,0.3,,서울,18,1.0,,2.0,,1.0,2025-07-07 01:00,1.0,0.022
1.0,28,0.003,1.0,23,1.0,,2.0,14,,도시대기,동대문구,0.013,1.0,111152,,51,0.3,,서울,16,1.0,,2.0,,1.0,2025-07-07 01:00,1.0,0.022
1.0,29,0.003,1.0,21,1.0,,1.0,6,,도로변대기,홍릉로,0.012,1.0,111154,,48,0.3,,서울,10,1.0,,1.0,,1.0,2025-07-07 01:00,1.0,0.023
1.0,21,0.003,1.0,20,1.0,,1.0,7,,도시대기,성북구,0.01,1.0,111161,,40,0.4,,서울,12,1.0,,1.0,,1.0,2025-07-07 01:00,1.0,0.021
1.0,30,0.003,1.0,26,1.0,,1.0,12,,도로변대기,정릉로,0.015,1.0,111162,,50,0.3,,서울,14,1.0,,1.0,,1.0,2025-07-07 01:00,1.0,0.022
1.0,21,0.003,1.0,20,1.0,,1.0,8,,도시대기,도봉구,0.008,1.0,111171,,45,0.4,,서울,11,1.0,,1.0,,1.0,2025-07-07 01:00,1.0,0.027
1.0,25,0.002,1.0,24,1.0,,1.0,12,,도시대기,은평구,0.01,1.0,111181,,47,0.4,,서울,14,1.0,,1.0,,1.0,2025-07-07 01:00,1.0,0.016
1.0,19,0.003,1.0,15,1.0,,1.0,3,,도시대기,서대문구,0.008,1.0,111191,,38,0.4,,서울,7,1.0,,1.0,,1.0,2025-07-07 01:00,1.0,0.023
1.0,22,0.003,1.0,17,2.0,,2.0,12,,도시대기,마포구,0.007,1.0,111201,,52,0.3,,서울,14,1.0,,1.0,,1.0,2025-07-07 01:00,1.0,0.032
1.0,30,0.003,1.0,24,1.0,,1.0,10,,도로변대기,신촌로,0.017,1.0,111202,,50,0.5,,서울,14,1.0,,1.0,,1.0,2025-07-07 01:00,1.0,0.02
1.0,21,0.002,1.0,18,1.0,,1.0,10,,도시대기,강서구,0.006,1.0,111212,,50,0.2,,서울,13,1.0,,1.0,,1.0,2025-07-07 01:00,1.0,0.03
2.0,22,0.003,1.0,19,1.0,,1.0,17,,도로변대기,공항대로,0.023,1.0,111213,,40,0.3,,서울,12,1.0,,1.0,,1.0,2025-07-07 01:00,1.0,0.019
1.0,18,0.002,1.0,19,1.0,,1.0,9,,도시대기,구로구,0.005,1.0,111221,,47,0.3,,서울,9,1.0,,1.0,,1.0,2025-07-07 01:00,1.0,0.028
1.0,21,0.003,1.0,16,2.0,,2.0,11,,도시대기,영등포구,0.006,1.0,111231,,52,0.2,,서울,12,1.0,,1.0,,1.0,2025-07-07 01:00,1.0,0.031
1.0,25,0.003,1.0,21,1.0,,1.0,5,,도로변대기,영등포로,0.01,1.0,111232,,43,0.3,,서울,8,1.0,,1.0,,1.0,2025-07-07 01:00,1.0,0.026
1.0,23,0.002,1.0,22,1.0,,1.0,10,,도시대기,동작구,0.008,1.0,111241,,38,0.3,,서울,11,1.0,,1.0,,1.0,2025-07-07 01:00,1.0,0.023
1.0,30,0.002,1.0,25,1.0,,1.0,11,,도로변대기,동작대로 중앙차로,0.01,1.0,111242,,50,0.3,,서울,12,1.0,,1.0,,1.0,2025-07-07 01:00,1.0,0.023
1.0,20,0.002,1.0,17,1.0,,1.0,6,,도시대기,관악구,0.008,1.0,111251,,36,0.3,,서울,10,1.0,,1.0,,1.0,2025-07-07 01:00,1.0,0.021
1.0,27,0.002,1.0,24,1.0,,1.0,10,,도시대기,강남구,0.008,1.0,111261,,47,0.3,,서울,14,1.0,,1.0,,1.0,2025-07-07 01:00,1.0,0.026
1.0,22,0.003,1.0,17,1.0,,1.0,8,,도시대기,서초구,0.008,1.0,111262,,40,0.4,,서울,10,1.0,,1.0,,1.0,2025-07-07 01:00,1.0,0.024
1.0,21,0.003,1.0,14,1.0,,1.0,4,,도로변대기,도산대로,0.009,1.0,111263,,44,0.3,,서울,8,1.0,,1.0,,1.0,2025-07-07 01:00,1.0,0.026
1.0,19,0.003,1.0,17,1.0,,1.0,6,,도로변대기,강남대로,0.007,1.0,111264,,34,0.2,,서울,11,1.0,,1.0,,1.0,2025-07-07 01:00,1.0,0.02
2.0,30,0.003,2.0,37,1.0,,2.0,23,,도시대기,송파구,0.009,1.0,111273,,59,0.3,,서울,19,1.0,,2.0,,1.0,2025-07-07 01:00,1.0,0.023
2.0,25,0.003,1.0,29,1.0,,2.0,26,,도시대기,강동구,0.007,1.0,111274,,64,0.4,,서울,21,1.0,,2.0,,1.0,2025-07-07 01:00,1.0,0.026
2.0,25,0.002,1.0,30,1.0,,1.0,19,,도로변대기,천호대로,0.01,1.0,111275,,43,0.3,,서울,13,1.0,,1.0,,1.0,2025-07-07 01:00,1.0,0.024
1.0,22,0.002,1.0,21,1.0,,1.0,15,,도시대기,금천구,0.008,1.0,111281,,43,0.4,,서울,13,1.0,,1.0,,1.0,2025-07-07 01:00,1.0,0.023
1.0,25,0.003,1.0,21,1.0,,1.0,9,,도로변대기,시흥대로,0.007,1.0,111282,,42,0.3,,서울,9,1.0,,1.0,,1.0,2025-07-07 01:00,1.0,0.025
1.0,26,0.003,1.0,23,1.0,,1.0,10,,도시대기,강북구,0.01,1.0,111291,,47,0.2,,서울,14,1.0,,1.0,,1.0,2025-07-07 01:00,1.0,0.021
1.0,25,0.002,1.0,22,1.0,,1.0,9,,도시대기,양천구,0.006,1.0,111301,,47,0.2,,서울,12,1.0,,1.0,,1.0,2025-07-07 01:00,1.0,0.028
1.0,27,0.002,1.0,24,1.0,,2.0,15,,도시대기,노원구,0.011,1.0,111311,,54,0.3,,서울,17,1.0,,2.0,,1.0,2025-07-07 01:00,1.0,0.022
1.0,27,0.003,1.0,21,1.0,,2.0,12,,도로변대기,화랑로,0.014,1.0,111312,,54,0.3,,서울,17,1.0,,2.0,,1.0,2025-07-07 01:00,1.0,0.024
2.0,23.0,0.004,1.0,17.0,1.0,,2.0,17,,도시대기,광복동,0.022,1.0,221112,,51,0.3,,부산,16,1.0,,2.0,,1.0,2025-07-07 01:00,1.0,0.013
2.0,21.0,0.003,1.0,23.0,1.0,,2.0,19,,도로변대기,초량동,0.016,1.0,221131,,56,0.2,,부산,18,1.0,,2.0,,1.0,2025-07-07 01:00,1.0,0.024
1.0,16.0,0.003,1.0,18.0,1.0,,1.0,7,,도시대기,태종대,0.028,1.0,221141,,47,0.3,,부산,6,1.0,,1.0,,1.0,2025-07-07 01:00,1.0,0.004
1.0,18.0,0.003,1.0,18.0,2.0,,2.0,11,,도시대기,청학동,0.007,1.0,221142,,59,0.3,,부산,13,1.0,,1.0,,1.0,2025-07-07 01:00,1.0,0.039
1.0,22.0,0.002,1.0,22.0,1.0,,1.0,12,,도시대기,전포동,0.008,1.0,221152,,43,0.4,,부산,13,1.0,,1.0,,1.0,2025-07-07 01:00,1.0,0.018
2.0,28.0,0.003,1.0,29.0,1.0,,2.0,18,,도로변대기,온천동,0.009,1.0,221162,,56,0.1,,부산,18,1.0,,2.0,,1.0,2025-07-07 01:00,1.0,0.028
1.0,15.0,0.002,1.0,18.0,1.0,,1.0,3,,도시대기,명장동,0.008,1.0,221163,,33,0.4,,부산,9,1.0,,1.0,,1.0,2025-07-07 01:00,1.0,0.02
1.0,18.0,0.003,1.0,12.0,1.0,,1.0,11,,도시대기,대연동,0.014,1.0,221172,,43,0.4,,부산,13,1.0,,1.0,,1.0,2025-07-07 01:00,1.0,0.012
1.0,19.0,0.005,1.0,15.0,1.0,,1.0,8,,도시대기,용호동,0.019,1.0,221174,,37,0.3,,부산,11,1.0,,1.0,,1.0,2025-07-07 01:00,1.0,0.019
1.0,21.0,0.001,1.0,19.0,1.0,,1.0,11,,도시대기,학장동,0.016,1.0,221181,,43,0.3,,부산,13,1.0,,1.0,,1.0,2025-07-07 01:00,1.0,0.011
1.0,21.0,0.002,1.0,25.0,1.0,,1.0,7,,도시대기,덕천동,0.011,1.0,221182,,35,0.2,,부산,9,1.0,,1.0,,1.0,2025-07-07 01:00,1.0,0.011
1.0,20.0,-,1.0,16.0,1.0,,1.0,10,,도시대기,화명동,0.011,,221183,통신장애,33,-,,부산,10,1.0,,1.0,통신장애,,2025-07-07 01:00,1.0,0.018
1.0,16.0,0.004,1.0,14.0,1.0,,1.0,12,,도로변대기,삼락동,0.018,1.0,221184,,31,0.3,,부산,8,1.0,,1.0,,1.0,2025-07-07 01:00,1.0,0.009
1.0,24.0,0.003,1.0,21.0,1.0,,1.0,12,,도로변대기,우동,0.008,1.0,221185,,46,0.3,,부산,12,1.0,,1.0,,1.0,2025-07-07 01:00,1.0,0.028
2.0,19.0,0.005,1.0,22.0,1.0,,1.0,20,,도시대기,청룡동,0.014,1.0,221191,,50,0.4,,부산,15,1.0,,1.0,,1.0,2025-07-07 01:00,1.0,0.011
1.0,23.0,0.002,1.0,26.0,1.0,,1.0,13,,도시대기,좌동,0.004,1.0,221192,,47,0.3,,부산,13,1.0,,1.0,,1.0,2025-07-07 01:00,1.0,0.028
1.0,22.0,0.004,1.0,25.0,2.0,,2.0,13,,도시대기,재송동,0.002,1.0,221193,,54,0.2,,부산,13,1.0,,1.0,,1.0,2025-07-07 01:00,1.0,0.034
1.0,21.0,0.003,1.0,21.0,1.0,,1.0,11,,도시대기,장림동,0.024,1.0,221202,,41,0.2,,부산,11,1.0,,1.0,,1.0,2025-07-07 01:00,1.0,0.005
1.0,16.0,0.002,1.0,14.0,1.0,,1.0,4,,도시대기,대저동,0.012,1.0,221211,,27,0.3,,부산,8,1.0,,1.0,,1.0,2025-07-07 01:00,1.0,0.013
1.0,19.0,0.003,1.0,20.0,1.0,,1.0,15,,도시대기,녹산동,0.021,1.0,221212,,40,0.2,,부산,12,1.0,,1.0,,1.0,2025-07-07 01:00,1.0,0.004
1.0,19.0,0.004,1.0,16.0,1.0,,1.0,4,,도시대기,명지동,0.011,1.0,221213,,32,0.2,,부산,5,1.0,,1.0,,1.0,2025-07-07 01:00,1.0,0.018
,18.0,-,1.0,13.0,1.0,통신장애,,-,,도시대기,연산동,0.008,,221221,,-,0.3,,부산,-,1.0,,,통신장애,1.0,2025-07-07 01:00,1.0,0.025
2.0,21.0,0.003,1.0,22.0,1.0,,1.0,17,,도시대기,기장읍,0.004,1.0,221231,,47,0.3,,부산,14,1.0,,1.0,,1.0,2025-07-07 01:00,1.0,0.028
2.0,24.0,0.002,1.0,23.0,2.0,,2.0,17,,도시대기,용수리,0.004,1.0,221233,,55,0.2,,부산,15,1.0,,1.0,,1.0,2025-07-07 01:00,1.0,0.034
1.0,18.0,0.002,1.0,15.0,1.0,,1.0,13,,도시대기,수정동,0.006,1.0,221241,,50,0.2,,부산,9,1.0,,1.0,,1.0,2025-07-07 01:00,1.0,0.03
1.0,20.0,0.002,1.0,19.0,1.0,,1.0,8,,도시대기,회동동,0.008,1.0,221253,,40,0.3,,부산,12,1.0,,1.0,,1.0,2025-07-07 01:00,1.0,0.02
1.0,20.0,0.003,1.0,20.0,2.0,,2.0,10,,도시대기,광안동,0.008,1.0,221271,,55,0.3,,부산,11,1.0,,1.0,,1.0,2025-07-07 01:00,1.0,0.035
1.0,17.0,0.003,1.0,16.0,1.0,,1.0,9,,도시대기,대신동,0.008,1.0,221281,,48,0.3,,부산,11,1.0,,1.0,,1.0,2025-07-07 01:00,1.0,0.029
1.0,18.0,0.004,1.0,16.0,1.0,,1.0,12,,도시대기,덕포동,0.015,1.0,221282,,37,0.2,,부산,11,1.0,,1.0,,1.0,2025-07-07 01:00,1.0,0.016
1.0,33.0,0.003,2.0,41.0,1.0,,2.0,12,,도시대기,개금동,0.013,1.0,221283,,53,0.3,,부산,15,1.0,,1.0,,1.0,2025-07-07 01:00,2.0,0.016
1.0,18.0,0.003,1.0,17.0,1.0,,1.0,8,,도시대기,당리동,0.019,1.0,221284,,33,0.3,,부산,10,1.0,,1.0,,1.0,2025-07-07 01:00,1.0,0.011
1.0,21.0,0.002,1.0,29.0,1.0,,1.0,10,,항만,부산항,0.014,1.0,221903,,50,0.2,,부산,15,1.0,,1.0,,1.0,2025-07-07 01:00,1.0,0.017
,,,,,,,,,,항만,부산신항,,,221904,,,,,부산,,,,,,,,,
1.0,23.0,0.002,1.0,20.0,1.0,,1.0,10,,항만,부산북항,0.013,1.0,221905,,40,0.2,,부산,12,1.0,,1.0,,1.0,2025-07-07 01:00,1.0,0.009
1.0,25.0,0.004,1.0,26.0,1.0,,1.0,12,,항만,부산감만,0.027,1.0,221906,,45,0.3,,부산,12,1.0,,1.0,,1.0,2025-07-07 01:00,1.0,0.003
1.0,23,0.002,1.0,29,2.0,,2.0,15,,도시대기,남산1동,0.005,1.0,422112,,60,0.3,,대구,15,1.0,,1.0,,1.0,2025-07-07 01:00,1.0,0.042
2.0,20,0.002,1.0,23,2.0,,2.0,16,,도시대기,수창동,0.01,1.0,422114,,56,0.4,,대구,14,1.0,,1.0,,1.0,2025-07-07 01:00,1.0,0.037
2.0,17,0.003,1.0,14,1.0,,1.0,18,,도시대기,지산동,0.007,1.0,422115,,49,0.4,,대구,13,1.0,,1.0,,1.0,2025-07-07 01:00,1.0,0.029
2.0,17,0.001,1.0,18,2.0,,2.0,18,,도시대기,서호동,0.006,1.0,422121,,62,0.6,,대구,15,1.0,,1.0,,1.0,2025-07-07 01:00,1.0,0.043
1.0,20,0.002,1.0,25,1.0,,1.0,9,,도로변대기,용계동,0.014,1.0,422122,,43,0.4,,대구,8,1.0,,1.0,,1.0,2025-07-07 01:00,1.0,0.026
1.0,24,0.002,1.0,28,1.0,,1.0,11,,도시대기,이현동,0.023,1.0,422132,,50,0.3,,대구,15,1.0,,1.0,,1.0,2025-07-07 01:00,1.0,0.013
2.0,20,0.002,1.0,23,1.0,,1.0,16,,도로변대기,평리동,0.018,1.0,422133,,50,0.4,,대구,15,1.0,,1.0,,1.0,2025-07-07 01:00,1.0,0.021
2.0,18,0.002,1.0,22,2.0,,2.0,17,,도시대기,대명동,0.009,1.0,422141,,51,0.4,,대구,13,1.0,,1.0,,1.0,2025-07-07 01:00,1.0,0.03
1.0,21,0.003,1.0,24,2.0,,2.0,15,,도시대기,신암동,0.007,1.0,422154,,62,0.4,,대구,15,1.0,,1.0,,1.0,2025-07-07 01:00,1.0,0.043
2.0,22,0.003,1.0,23,1.0,,1.0,18,,도시대기,태전동,0.009,1.0,422155,,47,0.7,,대구,14,1.0,,1.0,,1.0,2025-07-07 01:00,1.0,0.028
1.0,22,0.002,1.0,24,1.0,,2.0,14,,도시대기,산격동,0.013,1.0,422158,,56,0.5,,대구,18,1.0,,2.0,,1.0,2025-07-07 01:00,1.0,0.029
2.0,19,0.002,1.0,16,1.0,,1.0,16,,도로변대기,서변동,0.008,1.0,422159,,40,0.2,,대구,12,1.0,,1.0,,1.0,2025-07-07 01:00,1.0,0.015
1.0,18,0.002,1.0,22,1.0,,1.0,9,,도로변대기,연호동,0.009,1.0,422160,,47,0.3,,대구,9,1.0,,1.0,,1.0,2025-07-07 01:00,1.0,0.028
1.0,18,0.004,1.0,19,2.0,,2.0,13,,도시대기,만촌동,0.005,1.0,422161,,66,0.3,,대구,11,1.0,,1.0,,1.0,2025-07-07 01:00,1.0,0.048
1.0,21,0.002,1.0,22,1.0,,1.0,13,,도시대기,호림동,0.007,1.0,422171,,43,0.4,,대구,13,1.0,,1.0,,1.0,2025-07-07 01:00,1.0,0.014
1.0,19,0.002,1.0,20,1.0,,1.0,14,,도시대기,유가읍,0.009,1.0,422201,,47,0.4,,대구,14,1.0,,1.0,,1.0,2025-07-07 01:00,1.0,0.02
1.0,19,0.002,1.0,25,1.0,,1.0,15,,도로변대기,이곡동,0.008,1.0,422202,,43,0.3,,대구,13,1.0,,1.0,,1.0,2025-07-07 01:00,1.0,0.017
1.0,22,0.002,1.0,19,2.0,,2.0,9,,도시대기,시지동,0.006,1.0,422203,,54,0.4,,대구,10,1.0,,1.0,,1.0,2025-07-07 01:00,1.0,0.034
2.0,25,0.002,1.0,25,2.0,,2.0,18,,도시대기,진천동,0.008,1.0,422204,,54,0.4,,대구,17,1.0,,2.0,,1.0,2025-07-07 01:00,1.0,0.03
2.0,21,0.002,1.0,20,1.0,,1.0,19,,도시대기,다사읍,0.007,1.0,422205,,50,0.3,,대구,15,1.0,,1.0,,1.0,2025-07-07 01:00,1.0,0.018
2.0,19,0.001,1.0,19,1.0,,1.0,16,,도시대기,본동,0.009,1.0,422206,,50,0.5,,대구,15,1.0,,1.0,,1.0,2025-07-07 01:00,1.0,0.023
2.0,23,0.003,1.0,29,1.0,,1.0,23,,도시대기,내당동,0.008,1.0,422207,,50,0.4,,대구,15,1.0,,1.0,,1.0,2025-07-07 01:00,1.0,0.027
1.0,23,0.002,1.0,19,1.0,,1.0,11,,도시대기,침산동,0.011,1.0,422208,,43,0.4,,대구,12,1.0,,1.0,,1.0,2025-07-07 01:00,1.0,0.026
1.0,20,0.002,1.0,20,1.0,,1.0,12,,도시대기,화원읍,0.006,1.0,422209,,43,0.5,,대구,12,1.0,,1.0,,1.0,2025-07-07 01:00,1.0,0.026
1.0,18,0.004,1.0,15,1.0,,1.0,15,,도로변대기,충혼탑,0.006,1.0,422211,,41,0.5,,대구,12,1.0,,1.0,,1.0,2025-07-07 01:00,1.0,0.025
1.0,21,0.003,1.0,22,1.0,,1.0,13,,도시대기,군위읍,0.008,1.0,422212,,47,0.3,,대구,14,1.0,,1.0,,1.0,2025-07-07 01:00,1.0,0.011
1.0,15,0.003,1.0,12,1.0,,1.0,14,,도시대기,신흥,0.018,1.0,823611,,40,0.2,,인천,12,1.0,,1.0,,1.0,2025-07-07 01:00,1.0,0.023
1.0,20,0.003,1.0,18,1.0,,1.0,13,,도로변대기,서해,0.017,1.0,823612,,41,0.3,,인천,12,1.0,,1.0,,1.0,2025-07-07 01:00,1.0,0.025
2.0,29,0.003,2.0,38,2.0,,2.0,24,,도시대기,영종,0.005,1.0,823613,,67,0.3,,인천,20,1.0,,2.0,,1.0,2025-07-07 01:00,1.0,0.050
1.0,18,0.002,1.0,18,2.0,,2.0,9,,도시대기,송림,0.013,1.0,823621,,51,0.4,,인천,10,1.0,,1.0,,1.0,2025-07-07 01:00,1.0,0.030
1.0,21,0.002,1.0,20,1.0,,1.0,8,,도시대기,구월동,0.006,1.0,823631,,35,0.6,,인천,9,1.0,,1.0,,1.0,2025-07-07 01:00,1.0,0.016
1.0,26,0.003,1.0,28,2.0,,2.0,11,,도시대기,숭의,0.010,1.0,823632,,53,0.3,,인천,14,1.0,,1.0,,1.0,2025-07-07 01:00,1.0,0.032
2.0,22,0.003,1.0,18,2.0,,2.0,21,,도로변대기,석바위,0.009,1.0,823633,,51,0.3,,인천,15,1.0,,1.0,,1.0,2025-07-07 01:00,1.0,0.031
1.0,37,0.003,2.0,33,2.0,,2.0,15,,도로변대기,부평역,0.005,1.0,823634,,62,0.2,,인천,19,1.0,,2.0,,1.0,2025-07-07 01:00,2.0,0.043
1.0,24,0.002,1.0,16,1.0,,1.0,13,,도로변대기,남동,0.021,1.0,823636,통신장애,49,-,,인천,12,1.0,,1.0,,,2025-07-07 01:00,1.0,0.029
2.0,30,0.003,2.0,31,2.0,,2.0,17,,도시대기,주안,0.008,1.0,823637,,56,0.2,,인천,18,1.0,,2.0,,1.0,2025-07-07 01:00,1.0,0.031
2.0,34,0.003,2.0,31,1.0,,2.0,18,,도시대기,부평,0.008,1.0,823641,,64,0.3,,인천,21,1.0,,2.0,,1.0,2025-07-07 01:00,2.0,0.028
2.0,26,0.003,1.0,27,2.0,,2.0,20,,도시대기,연희,0.010,1.0,823651,,54,0.3,,인천,17,1.0,,2.0,,1.0,2025-07-07 01:00,1.0,0.033
2.0,30,0.004,1.0,29,1.0,,2.0,23,,도시대기,검단,0.008,1.0,823652,,69,0.3,,인천,23,1.0,,2.0,,1.0,2025-07-07 01:00,1.0,0.023
2.0,29,0.004,2.0,32,1.0,,2.0,17,,도로변대기,중봉,0.015,1.0,823653,,56,0.3,,인천,18,1.0,,2.0,,1.0,2025-07-07 01:00,1.0,0.026
1.0,24,0.003,2.0,40,1.0,,1.0,12,,도시대기,계산,0.012,1.0,823662,,44,0.5,,인천,11,1.0,,1.0,,1.0,2025-07-07 01:00,1.0,0.026
,-,0.002,,-,1.0,통신장애,,-,,도시대기,효성,0.008,1.0,823663,,-,0.4,통신장애,인천,-,1.0,,,,1.0,2025-07-07 01:00,,0.029
,-,0.004,,-,1.0,통신장애,,-,,도로변대기,임학,0.011,1.0,823664,,-,0.4,통신장애,인천,-,1.0,,,,1.0,2025-07-07 01:00,,0.028
1.0,33,0.003,2.0,32,2.0,,2.0,13,,도시대기,고잔,0.006,1.0,823671,,53,0.3,,인천,14,1.0,,1.0,,1.0,2025-07-07 01:00,2.0,0.030
2.0,28,0.003,1.0,26,1.0,,2.0,16,,도시대기,서창,0.006,1.0,823672,,51,0.2,,인천,16,1.0,,2.0,,1.0,2025-07-07 01:00,1.0,0.027
2.0,36,0.003,2.0,36,1.0,,2.0,24,,도시대기,석남,0.011,1.0,823681,,61,0.4,,인천,20,1.0,,2.0,,1.0,2025-07-07 01:00,2.0,0.029
2.0,28,0.003,1.0,21,2.0,,2.0,27,,도시대기,송해,0.003,1.0,823691,,72,0.2,,인천,24,1.0,,2.0,,1.0,2025-07-07 01:00,1.0,0.040
,-,0.004,,-,1.0,통신장애,,-,,도시대기,동춘,0.006,1.0,823701,,-,0.3,통신장애,인천,-,1.0,,,,1.0,2025-07-07 01:00,,0.029
,-,0.004,,-,2.0,통신장애,,-,,도시대기,운서,0.005,1.0,823702,,-,0.4,통신장애,인천,-,1.0,,,,1.0,2025-07-07 01:00,,0.043
2.0,30,0.003,2.0,31,1.0,,2.0,20,,도로변대기,송현,0.015,1.0,823703,,59,0.3,,인천,19,1.0,,2.0,,1.0,2025-07-07 01:00,1.0,0.019
2.0,29,0.002,2.0,32,1.0,,2.0,16,,도시대기,논현,0.008,1.0,823704,,51,0.3,,인천,16,1.0,,2.0,,1.0,2025-07-07 01:00,1.0,0.023
1.0,16,0.003,1.0,16,2.0,,2.0,11,,도시대기,청라,0.014,1.0,823705,,54,0.4,,인천,9,1.0,,1.0,,1.0,2025-07-07 01:00,1.0,0.034
2.0,28,0.003,1.0,24,2.0,,2.0,20,,도시대기,송도,0.007,1.0,823706,,54,0.3,,인천,17,1.0,,2.0,,1.0,2025-07-07 01:00,1.0,0.031
1.0,31,0.003,1.0,24,1.0,,2.0,13,,도시대기,아암,0.009,1.0,823707,,54,0.3,,인천,17,1.0,,2.0,,1.0,2025-07-07 01:00,2.0,0.028
2.0,27,0.003,1.0,24,1.0,,2.0,18,,도시대기,원당,0.010,1.0,823801,,56,0.3,,인천,18,1.0,,2.0,,1.0,2025-07-07 01:00,1.0,0.029
2.0,24,0.002,1.0,26,2.0,,2.0,23,,도시대기,길상,0.003,1.0,823802,,60,0.3,,인천,16,1.0,,2.0,,1.0,2025-07-07 01:00,1.0,0.042
2.0,24,0.003,1.0,22,1.0,,2.0,19,,도시대기,삼산,0.008,1.0,823803,,54,0.3,,인천,17,1.0,,2.0,,1.0,2025-07-07 01:00,1.0,0.028
1.0,14,0.002,1.0,15,2.0,,2.0,10,,항만,경인항,0.009,1.0,823901,,56,0.2,,인천,9,1.0,,1.0,,1.0,2025-07-07 01:00,1.0,0.036
1.0,26,0.002,1.0,30,1.0,,1.0,13,,항만,인천항,0.020,1.0,823902,,43,0.2,,인천,10,1.0,,1.0,,1.0,2025-07-07 01:00,1.0,0.022
1.0,21,0.002,1.0,21,2.0,,2.0,15,,항만,인천 신항,0.006,1.0,823903,,54,0.1,,인천,17,1.0,,2.0,,1.0,2025-07-07 01:00,1.0,0.031
2.0,24,-,1.0,25,,,,19,통신장애,항만,인천 북항,-,,823904,통신장애,-,-,,인천,13,,통신장애,1.0,통신장애,,2025-07-07 01:00,1.0,-
1.0,23,-,1.0,24,,,,14,통신장애,항만,인천 남항,-,,823905,통신장애,-,-,,인천,14,,통신장애,1.0,통신장애,,2025-07-07 01:00,1.0,-
1.0,10,0.002,1.0,5,2.0,,2.0,5,,교외대기,석모리,0.004,1.0,831481,,52,0.5,,인천,9,1.0,,1.0,,1.0,2025-07-07 01:00,1.0,0.032
1.0,6,0.001,1.0,3,2.0,,2.0,2,,교외대기,덕적도,0.003,1.0,831491,,62,0.3,,인천,3,1.0,,1.0,,1.0,2025-07-07 01:00,1.0,0.043
1.0,11,0.002,1.0,2,2.0,,2.0,4,,국가배경농도(도서),백령도,0.001,1.0,831492,,56,0.2,,인천,6,1.0,,1.0,,1.0,2025-07-07 01:00,1.0,0.036
,,,,,,,,,,도시대기,영흥,,,831493,,,,,인천,,,,,,,,,
,,,,,,,,,,국가배경농도(도서),연평도,,,831494,,,,,인천,,,,,,,,,
1.0,8,0.002,1.0,5,2.0,,2.0,2,,국가배경농도(도서),울도,0.001,1.0,831495,,60,0.3,,인천,4,1.0,,1.0,,1.0,2025-07-07 01:00,1.0,0.041
1.0,13,0.003,1.0,9,1.0,,1.0,4,,도시대기,서석동,0.003,1.0,324115,,30,0.2,,광주,5,1.0,,1.0,,1.0,2025-07-07 01:00,1.0,0.018
1.0,12,0.003,1.0,9,1.0,,1.0,5,,도시대기,농성동,0.005,1.0,324121,통신장애,49,-,,광주,6,1.0,,1.0,,,2025-07-07 01:00,1.0,0.029
1.0,-,0.003,1.0,14,1.0,,,3,,도로변대기,치평동,0.004,1.0,324123,,-,0.3,,광주,5,1.0,,1.0,,1.0,2025-07-07 01:00,,0.024
1.0,10,0.003,1.0,11,1.0,,1.0,2,,도시대기,노대동,0.003,1.0,324124,,22,0.2,,광주,2,1.0,,1.0,,1.0,2025-07-07 01:00,1.0,0.013
1.0,14,0.003,1.0,15,1.0,,1.0,3,,도시대기,유촌동,0.007,1.0,324125,,39,0.4,,광주,5,1.0,,1.0,,1.0,2025-07-07 01:00,1.0,0.024
1.0,14,0.003,1.0,11,1.0,,1.0,5,,도시대기,두암동,0.003,1.0,324133,,46,0.3,,광주,6,1.0,,1.0,,1.0,2025-07-07 01:00,1.0,0.027
,14,0.003,1.0,10,1.0,통신장애,,-,,도로변대기,운암동,0.005,1.0,324134,,-,0.4,,광주,-,1.0,,,,1.0,2025-07-07 01:00,1.0,0.027
1.0,10,0.003,1.0,10,1.0,,1.0,3,,도시대기,건국동,0.005,1.0,324135,통신장애,45,-,,광주,4,1.0,,1.0,,,2025-07-07 01:00,1.0,0.027
1.0,13,0.003,1.0,10,1.0,,1.0,2,,도시대기,일곡동,0.007,1.0,324136,,27,0.2,,광주,2,1.0,,1.0,,1.0,2025-07-07 01:00,1.0,0.016
1.0,21,0.003,1.0,10,1.0,,1.0,4,,도시대기,오선동,0.005,1.0,324142,,35,0.4,,광주,5,1.0,,1.0,,1.0,2025-07-07 01:00,1.0,0.021
1.0,14,0.003,1.0,13,1.0,,1.0,5,,도시대기,우산동(광주),0.007,1.0,324143,,38,0.3,,광주,6,1.0,,1.0,,1.0,2025-07-07 01:00,1.0,0.023
1.0,13,0.003,1.0,15,1.0,,1.0,7,,도시대기,평동,0.007,1.0,324148,,33,0.7,,광주,10,1.0,,1.0,,1.0,2025-07-07 01:00,1.0,0.014
1.0,13,0.003,1.0,11,1.0,,1.0,4,,도시대기,주월동,0.002,1.0,324155,,47,0.2,,광주,4,1.0,,1.0,,1.0,2025-07-07 01:00,1.0,0.028
2.0,14,0.002,1.0,11,1.0,,2.0,20,,도시대기,읍내동,0.005,1.0,525111,,51,0.2,,대전,16,1.0,,2.0,,1.0,2025-07-07 01:00,1.0,0.027
2.0,24,0.003,1.0,23,1.0,,2.0,25,,도시대기,문평동,0.009,1.0,525112,,59,0.3,,대전,19,1.0,,2.0,,1.0,2025-07-07 01:00,1.0,0.025
1.0,17,0.003,1.0,19,1.0,,1.0,13,,도시대기,문창동,0.005,1.0,525121,,43,0.3,,대전,13,1.0,,1.0,,1.0,2025-07-07 01:00,1.0,0.019
1.0,20,0.003,1.0,23,2.0,,2.0,12,,도시대기,구성동,0.005,1.0,525141,,52,0.3,,대전,11,1.0,,1.0,,1.0,2025-07-07 01:00,1.0,0.032
2.0,22,0.002,1.0,26,2.0,,2.0,18,,도시대기,노은동,0.005,1.0,525142,,55,0.2,,대전,15,1.0,,1.0,,1.0,2025-07-07 01:00,1.0,0.034
1.0,18,0.002,1.0,19,1.0,,1.0,10,,도시대기,상대동(대전),0.006,1.0,525143,,47,0.2,,대전,11,1.0,,1.0,,1.0,2025-07-07 01:00,1.0,0.028
1.0,19,0.002,1.0,17,1.0,,1.0,9,,도시대기,관평동,0.004,1.0,525144,,42,0.3,,대전,12,1.0,,1.0,,1.0,2025-07-07 01:00,1.0,0.025
1.0,15,0.003,1.0,14,1.0,,1.0,8,,도로변대기,지족동,0.007,1.0,525145,,46,0.2,,대전,7,1.0,,1.0,,1.0,2025-07-07 01:00,1.0,0.028
1.0,20,0.003,1.0,14,1.0,,1.0,10,,도로변대기,대흥동1,0.004,1.0,525151,,37,0.3,,대전,10,1.0,,1.0,,1.0,2025-07-07 01:00,1.0,0.022
2.0,20,0.002,1.0,23,2.0,,2.0,17,,도시대기,성남동1,0.003,1.0,525161,,56,0.3,,대전,18,1.0,,2.0,,1.0,2025-07-07 01:00,1.0,0.036
1.0,17,0.002,1.0,17,1.0,,1.0,11,,도시대기,대성동,0.005,1.0,525162,,43,0.3,,대전,13,1.0,,1.0,,1.0,2025-07-07 01:00,1.0,0.026
1.0,17,0.003,1.0,11,1.0,,1.0,5,,도시대기,정림동,0.005,1.0,525171,,48,0.4,,대전,8,1.0,,1.0,,1.0,2025-07-07 01:00,1.0,0.029
1.0,29,0.002,2.0,39,1.0,,1.0,1,,도시대기,둔산동,0.006,1.0,525172,,49,0.2,,대전,8,1.0,,1.0,,1.0,2025-07-07 01:00,1.0,0.029
1.0,17,0.003,1.0,12,1.0,,1.0,8,,도로변대기,월평동,0.005,1.0,525173,,46,0.4,,대전,12,1.0,,1.0,,1.0,2025-07-07 01:00,1.0,0.028
,26,0.002,1.0,22,2.0,통신장애,,-,,도시대기,대송동,0.01,1.0,238120,,-,0.4,,울산,-,1.0,,,,1.0,2025-07-07 01:00,1.0,0.032
,25,0.002,1.0,24,1.0,통신장애,,-,,도시대기,성남동,0.009,1.0,238121,,-,0.4,,울산,-,1.0,,,,1.0,2025-07-07 01:00,1.0,0.029
1.0,27,0.002,1.0,28,2.0,,2.0,15,,도시대기,부곡동(울산),0.009,1.0,238122,,56,0.4,,울산,18,1.0,,2.0,,1.0,2025-07-07 01:00,1.0,0.035
2.0,35,0.003,1.0,27,2.0,,2.0,16,,도시대기,여천동(울산),0.01,1.0,238123,,56,1.1,,울산,18,1.0,,2.0,,1.0,2025-07-07 01:00,2.0,0.032
,-,0.002,,-,1.0,통신장애,,-,,도시대기,선암동,0.018,1.0,238124,,-,0.4,통신장애,울산,-,1.0,,,,1.0,2025-07-07 01:00,,0.02
1.0,26,0.002,1.0,27,1.0,,1.0,13,,도시대기,삼산동,0.015,1.0,238125,,50,0.5,,울산,15,1.0,,1.0,,1.0,2025-07-07 01:00,1.0,0.028
2.0,23,0.002,1.0,25,1.0,,2.0,16,,도로변대기,신정로,0.011,1.0,238126,,59,0.4,,울산,19,1.0,,2.0,,1.0,2025-07-07 01:00,1.0,0.02
1.0,21,0.002,1.0,19,1.0,,2.0,15,,도시대기,신정동,0.01,1.0,238127,,54,0.4,,울산,17,1.0,,2.0,,1.0,2025-07-07 01:00,1.0,0.027
1.0,22,0.002,1.0,27,1.0,,2.0,14,,도시대기,덕신리,0.009,1.0,238128,,51,0.3,,울산,16,1.0,,2.0,,1.0,2025-07-07 01:00,1.0,0.014
2.0,26,0.002,1.0,30,1.0,,1.0,16,,도시대기,무거동,0.014,1.0,238129,,47,0.3,,울산,14,1.0,,1.0,,1.0,2025-07-07 01:00,1.0,0.017
2.0,28,0.003,1.0,25,1.0,,2.0,20,,도시대기,효문동,0.01,1.0,238130,,54,0.4,,울산,17,1.0,,2.0,,1.0,2025-07-07 01:00,1.0,0.022
,,,,,,,,,,도시대기,화산리,,,238371,,,,,울산,,,,,,,,,
1.0,26,0.002,1.0,24,1.0,,1.0,12,,도시대기,상남리,0.014,1.0,238373,,50,0.3,,울산,15,1.0,,1.0,,1.0,2025-07-07 01:00,1.0,0.014
2.0,23,0.002,1.0,25,1.0,,1.0,18,,도시대기,농소동,0.012,1.0,238374,,47,0.3,,울산,14,1.0,,1.0,,1.0,2025-07-07 01:00,1.0,0.021
1.0,19,0.002,1.0,22,1.0,,1.0,14,,도시대기,삼남읍,0.007,1.0,238375,,48,0.3,,울산,10,1.0,,1.0,,1.0,2025-07-07 01:00,1.0,0.029
2.0,24,0.002,1.0,27,2.0,,2.0,16,,도시대기,약사동,0.006,1.0,238376,,57,0.3,,울산,13,1.0,,1.0,,1.0,2025-07-07 01:00,1.0,0.037
1.0,20,0.001,1.0,20,1.0,,1.0,13,,도시대기,웅촌면,0.009,1.0,238377,,43,0.4,,울산,13,1.0,,1.0,,1.0,2025-07-07 01:00,1.0,0.014
1.0,19,0.002,1.0,23,1.0,,1.0,11,,도시대기,범서읍,0.01,1.0,238378,,37,0.3,,울산,11,1.0,,1.0,,1.0,2025-07-07 01:00,1.0,0.018
2.0,20,0.002,1.0,25,1.0,,2.0,23,,도로변대기,북부순환도로,0.01,1.0,238379,,51,0.4,,울산,16,1.0,,2.0,,1.0,2025-07-07 01:00,1.0,0.021
2.0,24,0.002,1.0,24,1.0,,2.0,21,,도시대기,송정동,0.008,1.0,238380,,59,0.5,,울산,19,1.0,,2.0,,1.0,2025-07-07 01:00,1.0,0.022
1.0,30,0.002,1.0,22,2.0,,2.0,15,,도시대기,전하동,0.007,1.0,238381,,59,0.4,,울산,19,1.0,,2.0,,1.0,2025-07-07 01:00,1.0,0.037
2.0,27,0.003,1.0,25,1.0,,1.0,16,,도로변대기,산업로,0.011,1.0,238383,,47,0.5,,울산,14,1.0,,1.0,,1.0,2025-07-07 01:00,1.0,0.012
2.0,30,0.012,1.0,27,1.0,,2.0,21,,항만,울산항,0.01,1.0,238902,,66,0.4,,울산,22,1.0,,2.0,,1.0,2025-07-07 01:00,1.0,0.026
1.0,21,0.003,1.0,20,1.0,,2.0,12,,도시대기,고읍,0.007,1.0,131562,,51,0.3,,경기,16,1.0,,2.0,,1.0,2025-07-07 01:00,1.0,0.024
1.0,22,0.002,1.0,16,1.0,,1.0,10,,도시대기,보산동,0.008,1.0,131571,,40,0.3,,경기,12,1.0,,1.0,,1.0,2025-07-07 01:00,1.0,0.017
1.0,17,0.001,1.0,16,1.0,,1.0,11,,도시대기,봉산동,0.005,1.0,131581,,29,0.4,,경기,7,1.0,,1.0,,1.0,2025-07-07 01:00,1.0,0.017
1.0,22,0.001,2.0,32,1.0,,1.0,10,,도시대기,공도읍,0.004,1.0,131583,,40,0.4,,경기,12,1.0,,1.0,,1.0,2025-07-07 01:00,1.0,0.024
1.0,24,0.001,1.0,20,1.0,,2.0,14,,도시대기,죽산면,0.005,1.0,131584,,51,0.4,,경기,16,1.0,,2.0,,1.0,2025-07-07 01:00,1.0,0.015
2.0,26,0.003,1.0,25,1.0,,2.0,17,,도시대기,중앙동(경기),0.007,1.0,131591,,51,0.3,,경기,16,1.0,,2.0,,1.0,2025-07-07 01:00,1.0,0.025
2.0,27,0.003,1.0,23,2.0,,2.0,19,,도시대기,대신면,0.009,1.0,131592,,64,0.3,,경기,21,1.0,,2.0,,1.0,2025-07-07 01:00,1.0,0.037
2.0,29,0.003,1.0,25,2.0,,2.0,16,,도시대기,가남읍,0.008,1.0,131593,,55,0.2,,경기,13,1.0,,1.0,,1.0,2025-07-07 01:00,1.0,0.035
1.0,15,0.002,1.0,5,1.0,,1.0,6,,도시대기,연천,0.003,1.0,131601,,36,0.3,,경기,9,1.0,,1.0,,1.0,2025-07-07 01:00,1.0,0.022
1.0,18,0.001,1.0,7,1.0,,1.0,10,,도시대기,전곡,0.004,1.0,131602,,40,0.4,,경기,12,1.0,,1.0,,1.0,2025-07-07 01:00,1.0,0.022
2.0,-,0.002,,-,1.0,,,21,,도시대기,가평,0.005,1.0,131611,,-,0.4,통신장애,경기,23,1.0,,2.0,,1.0,2025-07-07 01:00,,0.005
2.0,27,0.002,1.0,17,1.0,,2.0,20,,도시대기,설악면,0.008,1.0,131612,,61,0.4,,경기,20,1.0,,2.0,,1.0,2025-07-07 01:00,1.0,0.014
2.0,37,0.003,2.0,40,1.0,,2.0,20,,도시대기,용문면,0.004,1.0,131621,,61,0.3,,경기,20,1.0,,2.0,,1.0,2025-07-07 01:00,2.0,0.019
2.0,32,0.002,2.0,36,1.0,,2.0,20,,도시대기,양평읍,0.006,1.0,131622,,61,0.4,,경기,20,1.0,,2.0,,1.0,2025-07-07 01:00,2.0,0.015
1.0,23,0.002,1.0,21,2.0,,2.0,8,,교외대기,연천(DMZ),0.002,1.0,131991,,55,0.2,,경기,9,1.0,,1.0,,1.0,2025-07-07 01:00,1.0,0.036
2.0,24,0.002,1.0,19,1.0,,1.0,19,,도시대기,신풍동,0.006,1.0,131111,,41,0.6,,경기,12,1.0,,1.0,,1.0,2025-07-07 01:00,1.0,0.025
1.0,20,0.003,1.0,18,1.0,,1.0,5,,도시대기,인계동,0.006,1.0,131112,,40,0.5,,경기,10,1.0,,1.0,,1.0,2025-07-07 01:00,1.0,0.024
2.0,23,0.002,1.0,20,1.0,,2.0,16,,도시대기,광교동,0.008,1.0,131113,,51,0.5,,경기,16,1.0,,2.0,,1.0,2025-07-07 01:00,1.0,0.023
1.0,23,0.003,1.0,8,1.0,,1.0,14,,도시대기,영통동,0.002,1.0,131114,,44,0.4,,경기,11,1.0,,1.0,,1.0,2025-07-07 01:00,1.0,0.026
1.0,25,0.003,1.0,14,1.0,,1.0,0,,도시대기,천천동,0.006,1.0,131115,,42,0.7,,경기,10,1.0,,1.0,,1.0,2025-07-07 01:00,1.0,0.022
2.0,29,0.002,2.0,33,1.0,,1.0,16,,도로변대기,경수대로(동수원),0.007,1.0,131116,,48,0.5,,경기,12,1.0,,1.0,,1.0,2025-07-07 01:00,1.0,0.022
2.0,24,0.002,2.0,33,1.0,,1.0,19,,도시대기,고색동,0.008,1.0,131117,,40,0.4,,경기,12,1.0,,1.0,,1.0,2025-07-07 01:00,1.0,0.016
1.0,22,0.003,1.0,22,1.0,,1.0,14,,도시대기,호매실,0.006,1.0,131119,,47,0.5,,경기,14,1.0,,1.0,,1.0,2025-07-07 01:00,1.0,0.021
1.0,23,0.001,1.0,16,1.0,,1.0,10,,도로변대기,대왕판교로(백현동),0.009,1.0,131120,,38,0.3,,경기,11,1.0,,1.0,,1.0,2025-07-07 01:00,1.0,0.017
1.0,26,0.002,1.0,22,1.0,,1.0,11,,도시대기,단대동,0.007,1.0,131121,,43,0.4,,경기,12,1.0,,1.0,,1.0,2025-07-07 01:00,1.0,0.022
1.0,22,0.002,1.0,13,1.0,,1.0,4,,도시대기,정자동,0.006,1.0,131123,,37,0.4,,경기,11,1.0,,1.0,,1.0,2025-07-07 01:00,1.0,0.021
1.0,23,0.001,1.0,23,1.0,,1.0,12,,도시대기,수내동,0.006,1.0,131124,,43,0.4,,경기,13,1.0,,1.0,,1.0,2025-07-07 01:00,1.0,0.019
1.0,26,0.003,1.0,21,1.0,,1.0,6,,도로변대기,성남대로(모란역),0.012,1.0,131125,,43,0.4,,경기,9,1.0,,1.0,,1.0,2025-07-07 01:00,1.0,0.018
1.0,23,0.002,1.0,21,1.0,,1.0,11,,도시대기,복정동,0.01,1.0,131126,,40,0.5,,경기,12,1.0,,1.0,,1.0,2025-07-07 01:00,1.0,0.024
2.0,29,0.001,1.0,25,1.0,,1.0,20,,도시대기,운중동,0.008,1.0,131128,,48,0.5,,경기,14,1.0,,1.0,,1.0,2025-07-07 01:00,1.0,0.021
1.0,25,0.002,1.0,20,1.0,,1.0,8,,도시대기,상대원동,0.008,1.0,131129,,42,0.6,,경기,11,1.0,,1.0,,1.0,2025-07-07 01:00,1.0,0.019
,23,0.004,1.0,18,1.0,통신장애,,-,,도시대기,의정부동,0.01,1.0,131131,,-,0.3,,경기,-,1.0,,,,1.0,2025-07-07 01:00,1.0,0.023
1.0,27,0.004,1.0,25,1.0,,2.0,15,,도시대기,의정부1동,0.008,1.0,131132,,54,0.2,,경기,17,1.0,,2.0,,1.0,2025-07-07 01:00,1.0,0.023
2.0,38,0.002,2.0,32,1.0,,2.0,19,,도시대기,송산3동,0.009,1.0,131133,,69,0.3,,경기,23,1.0,,2.0,,1.0,2025-07-07 01:00,2.0,0.013
1.0,23,0.002,1.0,20,2.0,,2.0,9,,도시대기,안양8동,0.005,1.0,131141,,53,0.4,,경기,12,1.0,,1.0,,1.0,2025-07-07 01:00,1.0,0.032
1.0,24,0.003,1.0,22,2.0,,2.0,7,,도시대기,부림동,0.006,1.0,131142,,55,0.5,,경기,11,1.0,,1.0,,1.0,2025-07-07 01:00,1.0,0.034
1.0,17,0.001,1.0,16,1.0,,1.0,4,,도시대기,호계3동,0.004,1.0,131144,,48,0.4,,경기,6,1.0,,1.0,,1.0,2025-07-07 01:00,1.0,0.029
1.0,24,0.003,1.0,27,1.0,,1.0,2,,도시대기,안양2동,0.008,1.0,131145,,48,0.4,,경기,5,1.0,,1.0,,1.0,2025-07-07 01:00,1.0,0.029
1.0,18,0.002,1.0,14,2.0,,2.0,5,,도시대기,철산동,0.004,1.0,131161,,52,0.5,,경기,8,1.0,,1.0,,1.0,2025-07-07 01:00,1.0,0.031
1.0,33,0.002,1.0,21,1.0,,2.0,12,,도시대기,소하동,0.005,1.0,131163,,53,0.5,,경기,11,1.0,,1.0,,1.0,2025-07-07 01:00,2.0,0.029
1.0,21,0.002,1.0,21,2.0,,2.0,15,,도시대기,고잔동,0.004,1.0,131191,,53,0.3,,경기,9,1.0,,1.0,,1.0,2025-07-07 01:00,1.0,0.032
2.0,25,0.004,1.0,26,2.0,,2.0,17,,도시대기,초지동,0.002,1.0,131192,,55,0.2,,경기,16,1.0,,2.0,,1.0,2025-07-07 01:00,1.0,0.035
,15,0.002,1.0,4,1.0,통신장애,,-,,도시대기,본오동,0.003,1.0,131193,,-,0.5,,경기,-,1.0,,,,1.0,2025-07-07 01:00,1.0,0.027
1.0,25,0.003,1.0,21,2.0,,2.0,13,,도시대기,원곡동,0.003,1.0,131194,,52,0.3,,경기,15,1.0,,1.0,,1.0,2025-07-07 01:00,1.0,0.032
2.0,24,0.002,1.0,24,1.0,,1.0,17,,도시대기,부곡동1,0.005,1.0,131195,,50,0.4,,경기,15,1.0,,1.0,,1.0,2025-07-07 01:00,1.0,0.029
2.0,20,0.002,1.0,19,2.0,,2.0,16,,도시대기,대부동,0.006,1.0,131196,,58,0.2,,경기,15,1.0,,1.0,,1.0,2025-07-07 01:00,1.0,0.039
1.0,23,0.002,1.0,23,1.0,,1.0,13,,도시대기,호수동,0.005,1.0,131197,,45,0.3,,경기,11,1.0,,1.0,,1.0,2025-07-07 01:00,1.0,0.027
1.0,15,0.002,1.0,14,1.0,,1.0,6,,도로변대기,중앙대로(고잔동),0.005,1.0,131198,,40,0.2,,경기,7,1.0,,1.0,,1.0,2025-07-07 01:00,1.0,0.024
2.0,25,0.002,2.0,31,1.0,,1.0,20,,도시대기,별양동,0.006,1.0,131201,,47,0.3,,경기,14,1.0,,1.0,,1.0,2025-07-07 01:00,1.0,0.023
1.0,24,0.002,1.0,22,1.0,,1.0,10,,도시대기,과천동,0.007,1.0,131202,,40,0.3,,경기,10,1.0,,1.0,,1.0,2025-07-07 01:00,1.0,0.023
1.0,25,0.003,1.0,20,1.0,,1.0,9,,도시대기,교문동,0.008,1.0,131211,,47,0.3,,경기,12,1.0,,1.0,,1.0,2025-07-07 01:00,1.0,0.028
1.0,24,0.003,1.0,20,1.0,,2.0,11,,도시대기,동구동,0.009,1.0,131212,,51,0.3,,경기,16,1.0,,2.0,,1.0,2025-07-07 01:00,1.0,0.022
2.0,27,0.003,1.0,29,2.0,,2.0,16,,도시대기,부곡3동,0.005,1.0,131222,,51,0.6,,경기,14,1.0,,1.0,,1.0,2025-07-07 01:00,1.0,0.03
1.0,19,0.002,1.0,23,1.0,,1.0,4,,도시대기,고천동,0.006,1.0,131223,,39,0.8,,경기,7,1.0,,1.0,,1.0,2025-07-07 01:00,1.0,0.023
1.0,20,0.002,1.0,20,2.0,,2.0,11,,도시대기,정왕동,0.003,1.0,131231,,54,0.2,,경기,12,1.0,,1.0,,1.0,2025-07-07 01:00,1.0,0.034
1.0,30,0.003,2.0,31,2.0,,2.0,12,,도시대기,시화산단,0.005,1.0,131232,,51,0.1,,경기,10,1.0,,1.0,,1.0,2025-07-07 01:00,1.0,0.03
1.0,25,0.003,1.0,25,1.0,,1.0,8,,도시대기,대야동,0.007,1.0,131233,,45,0.3,,경기,9,1.0,,1.0,,1.0,2025-07-07 01:00,1.0,0.027
1.0,25,0.003,1.0,25,2.0,,2.0,13,,도시대기,목감동,0.005,1.0,131234,,52,0.4,,경기,11,1.0,,1.0,,1.0,2025-07-07 01:00,1.0,0.032
2.0,23,0.003,1.0,21,2.0,,2.0,18,,도시대기,장현동,0.002,1.0,131235,,58,0.2,,경기,18,1.0,,2.0,,1.0,2025-07-07 01:00,1.0,0.038
1.0,24,0.003,1.0,20,1.0,,1.0,14,,도로변대기,서해안로,0.009,1.0,131236,,41,0.1,,경기,12,1.0,,1.0,,1.0,2025-07-07 01:00,1.0,0.025
2.0,22,0.003,1.0,21,2.0,,2.0,21,,도시대기,배곧동,0.007,1.0,131237,,54,0.2,,경기,17,1.0,,2.0,,1.0,2025-07-07 01:00,1.0,0.031
1.0,37,0.001,2.0,36,1.0,,2.0,8,,도시대기,금곡동,0.012,1.0,131241,,57,0.3,,경기,11,1.0,,1.0,,1.0,2025-07-07 01:00,2.0,0.021
2.0,34,0.003,2.0,31,1.0,,2.0,21,,도시대기,오남읍,0.008,1.0,131242,,59,0.3,,경기,19,1.0,,2.0,,1.0,2025-07-07 01:00,2.0,0.023
,34,0.003,1.0,29,1.0,통신장애,,-,,도시대기,별내동,0.012,1.0,131243,,-,0.3,,경기,-,1.0,,,,1.0,2025-07-07 01:00,2.0,0.026
2.0,39,0.002,2.0,39,1.0,,2.0,28,,도시대기,화도읍,0.011,1.0,131244,,79,0.4,,경기,27,1.0,,2.0,,1.0,2025-07-07 01:00,2.0,0.01
2.0,31,0.003,1.0,24,1.0,,2.0,17,,도로변대기,경춘로,0.011,1.0,131245,,54,0.3,,경기,17,1.0,,2.0,,1.0,2025-07-07 01:00,2.0,0.025
2.0,44,0.002,2.0,43,1.0,,2.0,19,,도시대기,와부읍,0.012,1.0,131246,,72,0.3,,경기,24,1.0,,2.0,,1.0,2025-07-07 01:00,2.0,0.013
2.0,45,0.002,2.0,45,1.0,,2.0,19,,도시대기,진접읍,0.007,1.0,131247,,69,0.2,,경기,23,1.0,,2.0,,1.0,2025-07-07 01:00,2.0,0.023
1.0,18,0.002,1.0,15,1.0,,1.0,5,,도시대기,비전동,0.004,1.0,131341,,43,0.1,,경기,10,1.0,,1.0,,1.0,2025-07-07 01:00,1.0,0.026
2.0,30,0.003,1.0,28,2.0,,2.0,16,,도시대기,안중,0.003,1.0,131342,,57,0.2,,경기,15,1.0,,1.0,,1.0,2025-07-07 01:00,1.0,0.037
2.0,34,0.003,2.0,43,2.0,,2.0,27,,도시대기,평택항,0.003,1.0,131343,,59,0.5,,경기,19,1.0,,2.0,,1.0,2025-07-07 01:00,2.0,0.035
1.0,23,0.003,1.0,22,2.0,,2.0,11,,도시대기,송북동,0.005,1.0,131344,,56,0.2,,경기,11,1.0,,1.0,,1.0,2025-07-07 01:00,1.0,0.036
2.0,20,0.003,1.0,24,2.0,,2.0,27,,도시대기,청북읍,0.003,1.0,131345,,61,0.4,,경기,20,1.0,,2.0,,1.0,2025-07-07 01:00,1.0,0.042
1.0,20,0.002,1.0,20,2.0,,2.0,8,,도시대기,고덕동,0.003,1.0,131346,,63,0.1,,경기,10,1.0,,1.0,,1.0,2025-07-07 01:00,1.0,0.044
1.0,22,0.001,1.0,22,1.0,,1.0,14,,도시대기,금촌동,0.006,1.0,131371,,45,0.5,,경기,11,1.0,,1.0,,1.0,2025-07-07 01:00,1.0,0.027
1.0,20,0.002,1.0,20,1.0,,1.0,10,,도시대기,운정,0.004,1.0,131372,,45,0.4,,경기,10,1.0,,1.0,,1.0,2025-07-07 01:00,1.0,0.027
1.0,19,0.002,1.0,21,1.0,,1.0,13,,교외대기,파주,0.005,1.0,131373,,43,0.1,,경기,13,1.0,,1.0,,1.0,2025-07-07 01:00,1.0,0.023
1.0,20,0.002,1.0,19,1.0,,1.0,2,,도시대기,파주읍,0.003,1.0,131374,,46,0.4,,경기,7,1.0,,1.0,,1.0,2025-07-07 01:00,1.0,0.028
1.0,28,0.003,2.0,34,1.0,,2.0,13,,도시대기,행신동,0.009,1.0,131381,,51,0.2,,경기,16,1.0,,2.0,,1.0,2025-07-07 01:00,1.0,0.03
1.0,29,0.003,1.0,27,1.0,,1.0,15,,도시대기,식사동,0.009,1.0,131382,,48,0.2,,경기,13,1.0,,1.0,,1.0,2025-07-07 01:00,1.0,0.027
2.0,27,0.002,1.0,29,2.0,,2.0,26,,도로변대기,백마로(마두역),0.006,1.0,131383,,52,0.1,,경기,13,1.0,,1.0,,1.0,2025-07-07 01:00,1.0,0.032
2.0,18,0.002,1.0,12,1.0,,2.0,19,,도시대기,신원동,0.008,1.0,131384,,59,0.2,,경기,19,1.0,,2.0,,1.0,2025-07-07 01:00,1.0,0.013
1.0,18,0.003,1.0,14,2.0,,2.0,10,,도시대기,주엽동,0.007,1.0,131385,,53,0.1,,경기,11,1.0,,1.0,,1.0,2025-07-07 01:00,1.0,0.033
2.0,35,0.002,2.0,40,1.0,,2.0,18,,도시대기,경안동,0.01,1.0,131392,,55,0.5,,경기,16,1.0,,2.0,,1.0,2025-07-07 01:00,2.0,0.021
1.0,23,0.002,1.0,21,1.0,,1.0,14,,도시대기,오포1동,0.01,1.0,131394,,47,0.3,,경기,14,1.0,,1.0,,1.0,2025-07-07 01:00,1.0,0.014
1.0,32,0.001,2.0,35,1.0,,2.0,11,,도시대기,곤지암,0.01,1.0,131395,,52,0.5,,경기,15,1.0,,1.0,,1.0,2025-07-07 01:00,2.0,0.014
1.0,21,0.001,1.0,20,1.0,,1.0,15,,도시대기,김량장동,0.003,1.0,131411,,47,0.3,,경기,14,1.0,,1.0,,1.0,2025-07-07 01:00,1.0,0.027
1.0,24,0.001,1.0,22,1.0,,1.0,5,,도시대기,수지,0.004,1.0,131412,,47,0.4,,경기,14,1.0,,1.0,,1.0,2025-07-07 01:00,1.0,0.025
1.0,24,0.001,1.0,23,1.0,,1.0,7,,도시대기,기흥,0.005,1.0,131413,,43,0.6,,경기,12,1.0,,1.0,,1.0,2025-07-07 01:00,1.0,0.026
2.0,24,0.001,1.0,23,1.0,,1.0,16,,도로변대기,중부대로(구갈동),0.008,1.0,131414,,46,0.5,,경기,13,1.0,,1.0,,1.0,2025-07-07 01:00,1.0,0.028
1.0,22,0.001,1.0,21,1.0,,1.0,10,,도시대기,모현읍,0.008,1.0,131415,,43,0.5,,경기,13,1.0,,1.0,,1.0,2025-07-07 01:00,1.0,0.014
2.0,23,0.001,1.0,21,1.0,,2.0,17,,도시대기,이동읍,0.009,1.0,131416,,51,0.5,,경기,16,1.0,,2.0,,1.0,2025-07-07 01:00,1.0,0.02
1.0,22,0.001,1.0,22,1.0,,1.0,9,,도시대기,백암면,0.008,1.0,131417,,47,0.3,,경기,14,1.0,,1.0,,1.0,2025-07-07 01:00,1.0,0.012
1.0,21,0.002,1.0,12,1.0,,1.0,10,,교외대기,설성면,0.006,1.0,131441,,47,0.4,,경기,14,1.0,,1.0,,1.0,2025-07-07 01:00,1.0,0.011
1.0,24,0.003,1.0,23,1.0,,2.0,15,,도시대기,창전동,0.008,1.0,131442,,56,0.2,,경기,18,1.0,,2.0,,1.0,2025-07-07 01:00,1.0,0.025
2.0,30,0.003,1.0,26,1.0,,2.0,17,,도시대기,장호원읍,0.006,1.0,131443,,59,0.2,,경기,19,1.0,,2.0,,1.0,2025-07-07 01:00,1.0,0.025
2.0,27,0.007,1.0,24,1.0,,2.0,19,,도시대기,부발읍,0.011,1.0,131444,,56,0.3,,경기,18,1.0,,2.0,,1.0,2025-07-07 01:00,1.0,0.024
1.0,25,0.002,1.0,17,1.0,,2.0,8,,교외대기,관인면,0.005,1.0,131451,,61,0.3,,경기,20,1.0,,2.0,,1.0,2025-07-07 01:00,1.0,0.006
1.0,31,0.002,1.0,28,1.0,,2.0,12,,도시대기,선단동,0.005,1.0,131453,,51,0.2,,경기,15,1.0,,1.0,,1.0,2025-07-07 01:00,2.0,0.02
2.0,38,0.002,2.0,39,1.0,,2.0,25,,도시대기,일동면,0.006,1.0,131454,,77,0.3,,경기,26,1.0,,2.0,,1.0,2025-07-07 01:00,2.0,0.011
2.0,52,0.002,2.0,47,1.0,,2.0,24,,도시대기,중앙로,0.009,1.0,132112,,72,0.2,,강원,21,1.0,,2.0,,1.0,2025-07-07 01:00,2.0,0.018
,,,,,,,,,,도시대기,석사동,,,132113,,,,,강원,,,,,,,,,
1.0,22,0.001,1.0,24,1.0,,1.0,10,,도시대기,신사우동,0.007,1.0,132118,,47,0.0,,강원,14,1.0,,1.0,,1.0,2025-07-07 01:00,1.0,0.011
,-,0.002,,-,1.0,통신장애,,-,,도로변대기,온의동,0.005,1.0,132119,,-,0.4,통신장애,강원,-,1.0,,,,1.0,2025-07-07 01:00,,0.009
2.0,40,0.001,2.0,43,1.0,,2.0,19,,교외대기,방산면,0.005,1.0,132401,,66,0.5,,강원,22,1.0,,2.0,,1.0,2025-07-07 01:00,2.0,0.002
,22,0.002,1.0,20,1.0,통신장애,2.0,-,,도시대기,양구읍,0.006,1.0,132402,,51,0.4,,강원,16,1.0,,2.0,,1.0,2025-07-07 01:00,1.0,0.001
2.0,40,0.002,2.0,41,1.0,,2.0,24,,항만,동해항,0.020,1.0,132901,,60,0.4,,강원,17,1.0,,2.0,,1.0,2025-07-07 01:00,2.0,0.022
2.0,30,0.002,2.0,39,1.0,,2.0,26,,항만,묵호항,0.010,1.0,132902,,59,0.5,,강원,19,1.0,,2.0,,1.0,2025-07-07 01:00,1.0,0.02
1.0,28,0.002,1.0,27,2.0,,2.0,13,,항만,호산항,0.007,1.0,132903,,53,0.3,,강원,12,1.0,,1.0,,1.0,2025-07-07 01:00,1.0,0.033
2.0,28,0.002,1.0,30,2.0,,2.0,26,,항만,삼척항,0.008,1.0,132904,,77,0.4,,강원,19,1.0,,2.0,,1.0,2025-07-07 01:00,1.0,0.062
2.0,26,0.002,1.0,30,2.0,,2.0,27,,항만,옥계항,0.005,1.0,132905,,81,0.2,,강원,17,1.0,,2.0,,1.0,2025-07-07 01:00,1.0,0.067
2.0,34,0.001,1.0,25,1.0,,2.0,23,,교외대기,철원(DMZ),0.005,1.0,132991,,66,0.5,,강원,22,1.0,,2.0,,1.0,2025-07-07 01:00,2.0,0.029
2.0,36,0.001,2.0,43,2.0,,2.0,18,,교외대기,화천(DMZ),0.004,1.0,132992,,64,0.4,,강원,19,1.0,,2.0,,1.0,2025-07-07 01:00,2.0,0.046
2.0,44,0.001,2.0,48,1.0,,2.0,32,,교외대기,인제(DMZ),0.014,1.0,132993,,79,0.4,,강원,27,1.0,,2.0,,1.0,2025-07-07 01:00,2.0,0.03
,-,-,,-,2.0,통신장애,,-,통신장애,교외대기,고성(DMZ),-,,132994,,-,0.0,통신장애,강원,-,,,,통신장애,1.0,2025-07-07 01:00,,0.072
2.0,46,0.001,2.0,47,1.0,,2.0,28,,도시대기,중앙동(강원),0.013,1.0,632121,,74,0.2,,강원,25,1.0,,2.0,,1.0,2025-07-07 01:00,2.0,0.01
2.0,44,0.002,2.0,42,1.0,,2.0,25,,도시대기,반곡동(명륜동),0.009,1.0,632122,,66,0.1,,강원,22,1.0,,2.0,,1.0,2025-07-07 01:00,2.0,0.012
3.0,61,0.001,3.0,84,1.0,,3.0,55,,도시대기,문막읍,0.008,1.0,632124,,120,0.2,,강원,41,1.0,,3.0,,1.0,2025-07-07 01:00,2.0,0.012
,39,0.002,2.0,40,1.0,통신장애,,-,,도시대기,지정면,0.009,1.0,632126,,-,0.2,,강원,-,1.0,,,,1.0,2025-07-07 01:00,2.0,0.01
2.0,24,0.002,1.0,30,2.0,,2.0,18,,도시대기,주문진읍,0.005,1.0,632131,,60,0.4,,강원,14,1.0,,1.0,,1.0,2025-07-07 01:00,1.0,0.041
2.0,36,0.002,2.0,37,2.0,,2.0,23,,도시대기,옥천동,0.003,1.0,632132,,90,0.3,,강원,22,1.0,,2.0,,1.0,2025-07-07 01:00,2.0,0.077
2.0,26,0.001,1.0,27,2.0,,2.0,16,,도시대기,초당동,0.004,1.0,632133,,81,0.2,,강원,14,1.0,,1.0,,1.0,2025-07-07 01:00,1.0,0.067
1.0,17,0.001,1.0,20,2.0,,2.0,15,,도시대기,천곡동,0.009,1.0,632151,,60,0.4,,강원,11,1.0,,1.0,,1.0,2025-07-07 01:00,1.0,0.041
2.0,20,0.001,1.0,24,2.0,,2.0,23,,도시대기,남양동1,0.003,1.0,632161,,83,0.3,,강원,20,1.0,,2.0,,1.0,2025-07-07 01:00,1.0,0.069
1.0,21,0.002,1.0,20,1.0,,1.0,15,,도시대기,평창읍,0.007,1.0,632171,,50,0.2,,강원,15,1.0,,1.0,,1.0,2025-07-07 01:00,1.0,0.009
2.0,30,0.002,2.0,33,1.0,,2.0,34,,교외대기,북평면,0.007,1.0,632371,,79,0.3,,강원,27,1.0,,2.0,,1.0,2025-07-07 01:00,1.0,0.023
2.0,25,0.002,1.0,27,1.0,,2.0,17,,도시대기,정선읍,0.005,1.0,632372,,59,0.4,,강원,19,1.0,,2.0,,1.0,2025-07-07 01:00,1.0,0.02
3.0,46,0.001,2.0,51,2.0,,2.0,36,,교외대기,간성읍,0.004,1.0,632421,,98,0.4,,강원,26,1.0,,2.0,,1.0,2025-07-07 01:00,2.0,0.088
1.0,33,0.002,1.0,20,1.0,,2.0,10,,교외대기,치악산,0.009,1.0,632431,,59,0.4,,강원,19,1.0,,2.0,,1.0,2025-07-07 01:00,2.0,0.006
1.0,24,0.001,1.0,25,1.0,,1.0,15,,도시대기,횡성읍,0.006,1.0,632432,,50,0.5,,강원,15,1.0,,1.0,,1.0,2025-07-07 01:00,1.0,0.006
2.0,32,0.002,2.0,41,2.0,,2.0,22,,도시대기,상리,0.004,1.0,632441,,63,0.6,,강원,17,1.0,,2.0,,1.0,2025-07-07 01:00,2.0,0.044
2.0,25,0.001,1.0,24,2.0,,2.0,19,,도시대기,양양읍,0.003,1.0,632451,,87,0.3,,강원,17,1.0,,2.0,,1.0,2025-07-07 01:00,1.0,0.074
2.0,35,0.003,2.0,40,2.0,,2.0,27,,도시대기,금호동,0.008,1.0,632461,,69,0.3,,강원,23,1.0,,2.0,,1.0,2025-07-07 01:00,2.0,0.047
2.0,37,0.002,2.0,31,1.0,,2.0,20,,도시대기,갈말읍,0.006,1.0,632472,,66,0.3,,강원,22,1.0,,2.0,,1.0,2025-07-07 01:00,2.0,0.01
2.0,25,0.002,1.0,24,1.0,,2.0,19,,도시대기,홍천읍,0.007,1.0,632481,,64,0.3,,강원,21,1.0,,2.0,,1.0,2025-07-07 01:00,1.0,0.027
2.0,-,0.002,,-,1.0,,,18,,도시대기,영월읍,0.005,1.0,632491,,-,0.3,통신장애,강원,16,1.0,,2.0,,1.0,2025-07-07 01:00,,0.012
1.0,36,0.002,2.0,41,1.0,,2.0,9,,도시대기,화천읍,0.004,1.0,632501,,56,0.4,,강원,16,1.0,,2.0,,1.0,2025-07-07 01:00,2.0,0.001
,,,,,,,,,,도시대기,황지동,,,632511,,,,,강원,,,,,,,,,
1.0,22,0.001,1.0,14,1.0,,1.0,13,,도시대기,인제읍,0.007,1.0,632521,,50,0.3,,강원,15,1.0,,1.0,,1.0,2025-07-07 01:00,1.0,0.016
1.0,20,0.001,1.0,17,1.0,,1.0,6,,도시대기,우천면,0.005,1.0,632532,,33,0.4,,강원,8,1.0,,1.0,,1.0,2025-07-07 01:00,1.0,0.006
1.0,21,0.002,1.0,13,1.0,,1.0,6.0,,도시대기,봉명동,0.004,1.0,533112,,42,0.3,,충북,10.0,1.0,,1.0,,1.0,2025-07-07 01:00,1.0,0.025
1.0,12,0.002,1.0,8,1.0,,1.0,7.0,,도시대기,사천동,0.004,1.0,533113,,46,0.2,,충북,10.0,1.0,,1.0,,1.0,2025-07-07 01:00,1.0,0.028
1.0,16,0.002,1.0,12,1.0,,1.0,6.0,,도시대기,용담동,0.005,1.0,533114,,40,0.2,,충북,8.0,1.0,,1.0,,1.0,2025-07-07 01:00,1.0,0.024
1.0,21,0.002,1.0,21,1.0,,1.0,13.0,,도시대기,용암동,0.01,1.0,533115,,43,0.4,,충북,13.0,1.0,,1.0,,1.0,2025-07-07 01:00,1.0,0.015
1.0,19,0.002,1.0,15,1.0,,1.0,6.0,,도로변대기,복대동,0.005,1.0,533116,,44,0.2,,충북,11.0,1.0,,1.0,,1.0,2025-07-07 01:00,1.0,0.026
1.0,21,0.002,1.0,21,2.0,,2.0,15.0,,도시대기,호암동,0.005,1.0,633122,,61,0.4,,충북,20.0,1.0,,2.0,,1.0,2025-07-07 01:00,1.0,0.035
2.0,24,0.002,1.0,24,1.0,,2.0,19.0,,도시대기,칠금동,0.007,1.0,633123,,56,0.3,,충북,18.0,1.0,,2.0,,1.0,2025-07-07 01:00,1.0,0.028
2.0,32,0.002,2.0,38,1.0,,2.0,21.0,,도시대기,중앙탑면,0.008,1.0,633124,,56,0.5,,충북,18.0,1.0,,2.0,,1.0,2025-07-07 01:00,2.0,0.021
2.0,33,0.002,2.0,32,1.0,,2.0,19.0,,도시대기,살미면,0.01,1.0,633125,,56,0.4,,충북,18.0,1.0,,2.0,,1.0,2025-07-07 01:00,2.0,0.004
2.0,27,0.002,1.0,26,1.0,,2.0,20.0,,도시대기,장락동,0.007,1.0,633131,,54,0.3,,충북,17.0,1.0,,2.0,,1.0,2025-07-07 01:00,1.0,0.011
1.0,25,0.002,1.0,25,1.0,,2.0,15.0,,도시대기,영천동,0.007,1.0,633132,,56,0.3,,충북,18.0,1.0,,2.0,,1.0,2025-07-07 01:00,1.0,0.011
2.0,15,0.002,1.0,15,1.0,,1.0,16.0,,도시대기,청풍면,0.003,1.0,633133,,47,0.3,,충북,14.0,1.0,,1.0,,1.0,2025-07-07 01:00,1.0,0.018
2.0,17,0.002,1.0,13,1.0,,1.0,16.0,,도시대기,송학면,0.008,1.0,633134,,47,0.3,,충북,14.0,1.0,,1.0,,1.0,2025-07-07 01:00,1.0,0.01
1.0,18,0.001,1.0,11,1.0,,1.0,8.0,,도시대기,오창읍,0.004,1.0,633211,,44,0.3,,충북,11.0,1.0,,1.0,,1.0,2025-07-07 01:00,1.0,0.026
1.0,19,0.002,1.0,16,1.0,,1.0,6.0,,도시대기,산남동,0.004,1.0,633213,,46,0.2,,충북,13.0,1.0,,1.0,,1.0,2025-07-07 01:00,1.0,0.028
1.0,19,0.002,1.0,19,2.0,,2.0,10.0,,도시대기,오송읍,0.003,1.0,633214,,54,0.3,,충북,13.0,1.0,,1.0,,1.0,2025-07-07 01:00,1.0,0.033
1.0,22,0.002,1.0,22,1.0,,2.0,15.0,,도시대기,가덕면,0.006,1.0,633215,,56,0.3,,충북,18.0,1.0,,2.0,,1.0,2025-07-07 01:00,1.0,0.01
2.0,30,0.002,1.0,29,1.0,,2.0,20.0,,도시대기,매포읍,0.005,1.0,633311,,64,0.3,,충북,21.0,1.0,,2.0,,1.0,2025-07-07 01:00,1.0,0.015
2.0,36,0.002,2.0,39,1.0,,2.0,31.0,,도시대기,단성면,0.002,1.0,633312,,74,0.3,,충북,25.0,1.0,,2.0,,1.0,2025-07-07 01:00,2.0,0.018
2.0,32,0.003,1.0,29,1.0,,2.0,25.0,,도시대기,단양읍,0.008,1.0,633313,,74,0.6,,충북,25.0,1.0,,2.0,,1.0,2025-07-07 01:00,2.0,0.015
1.0,18,0.001,1.0,15,1.0,,1.0,7.0,,교외대기,청천면,0.004,1.0,633361,,33,0.1,,충북,10.0,1.0,,1.0,,1.0,2025-07-07 01:00,1.0,0.003
2.0,27,0.002,1.0,24,1.0,,2.0,20.0,,도시대기,괴산읍,0.005,1.0,633362,,66,0.3,,충북,22.0,1.0,,2.0,,1.0,2025-07-07 01:00,1.0,0.022
2.0,24,0.002,1.0,19,2.0,,2.0,17.0,,도시대기,감물면,0.006,1.0,633363,,59,0.3,,충북,19.0,1.0,,2.0,,1.0,2025-07-07 01:00,1.0,0.031
,,,,,,,,,,도시대기,진천읍,,,633411,,,,,충북,,,,,,,,,
1.0,22,0.002,1.0,18,2.0,,2.0,15.0,,도시대기,덕산읍,0.003,1.0,633412,,56,0.2,,충북,18.0,1.0,,2.0,,1.0,2025-07-07 01:00,1.0,0.03
1.0,-,0.001,,-,1.0,,,10.0,,교외대기,금왕,0.004,1.0,633461,,-,0.0,통신장애,충북,12.0,1.0,,1.0,,1.0,2025-07-07 01:00,,0.026
2.0,21,0.002,1.0,18,1.0,,2.0,16.0,,도시대기,음성읍,0.006,1.0,633462,,51,0.3,,충북,16.0,1.0,,2.0,,1.0,2025-07-07 01:00,1.0,0.028
1.0,20,0.002,1.0,17,1.0,,1.0,15.0,,도시대기,소이면,0.005,1.0,633463,,47,0.3,,충북,14.0,1.0,,1.0,,1.0,2025-07-07 01:00,1.0,0.019
1.0,16,0.002,1.0,14,1.0,,1.0,14.0,,도시대기,영동읍,0.004,1.0,633471,,47,0.3,,충북,14.0,1.0,,1.0,,1.0,2025-07-07 01:00,1.0,0.019
1.0,18,0.002,1.0,17,1.0,,1.0,10.0,,도시대기,황간면,0.009,1.0,633472,,40,0.3,,충북,12.0,1.0,,1.0,,1.0,2025-07-07 01:00,1.0,0.011
2.0,24,0.002,1.0,21,1.0,,2.0,16.0,,도시대기,도안면,0.004,1.0,633481,,51,0.2,,충북,16.0,1.0,,2.0,,1.0,2025-07-07 01:00,1.0,0.027
1.0,26,0.002,1.0,23,1.0,,2.0,14.0,,도시대기,증평읍,0.004,1.0,633482,,56,0.3,,충북,18.0,1.0,,2.0,,1.0,2025-07-07 01:00,1.0,0.017
1.0,24,0.002,1.0,26,1.0,,1.0,12.0,,도시대기,보은읍,0.005,1.0,633491,,40,0.3,,충북,12.0,1.0,,1.0,,1.0,2025-07-07 01:00,1.0,0.015
1.0,18,0.002,1.0,17,1.0,,1.0,10.0,,도시대기,옥천읍,0.005,1.0,634111,,46,0.3,,충북,11.0,1.0,,1.0,,1.0,2025-07-07 01:00,1.0,0.027
1.0,19,0.003,1.0,16,1.0,,1.0,10,,도시대기,성황동,0.006,1.0,534111,,50,0.4,,충남,15,1.0,,1.0,,1.0,2025-07-07 01:00,1.0,0.021
1.0,17,0.004,1.0,14,1.0,,1.0,5,,도시대기,백석동,0.003,1.0,534112,,43,0.3,,충남,11,1.0,,1.0,,1.0,2025-07-07 01:00,1.0,0.026
,18,0.003,1.0,17,1.0,통신장애,1.0,-,,도로변대기,성성동,0.004,1.0,534114,,30,0.3,,충남,6,1.0,,1.0,,1.0,2025-07-07 01:00,1.0,0.016
1.0,23,0.004,1.0,18,1.0,,2.0,15,,도시대기,성거읍,0.009,1.0,534115,,54,0.4,,충남,17,1.0,,2.0,,1.0,2025-07-07 01:00,1.0,0.012
2.0,26,0.004,1.0,25,1.0,,2.0,18,,도시대기,신방동,0.009,1.0,534116,,51,0.2,,충남,16,1.0,,2.0,,1.0,2025-07-07 01:00,1.0,0.016
1.0,12,0.001,1.0,9,1.0,,1.0,5,,교외대기,사곡면,0.004,1.0,534341,,27,0.4,,충남,8,1.0,,1.0,,1.0,2025-07-07 01:00,1.0,0.015
1.0,18,0.003,1.0,19,,,,7,,도시대기,공주,0.003,1.0,534342,,-,0.3,,충남,10,1.0,통신장애,1.0,,1.0,2025-07-07 01:00,1.0,-
1.0,21,0.004,1.0,21,1.0,,1.0,14,,도시대기,탄천면,0.008,1.0,534343,,38,0.3,,충남,10,1.0,,1.0,,1.0,2025-07-07 01:00,1.0,0.023
1.0,14,0.003,1.0,22,2.0,,2.0,4,,도시대기,부여읍,0.005,1.0,534411,,52,0.3,,충남,5,1.0,,1.0,,1.0,2025-07-07 01:00,1.0,0.032
1.0,11,0.003,1.0,9,2.0,,2.0,8,,도시대기,독곶리,0.003,1.0,534421,,75,0.4,,충남,10,1.0,,1.0,,1.0,2025-07-07 01:00,1.0,0.059
1.0,15,0.003,1.0,13,2.0,,2.0,6,,도시대기,동문동,0.004,1.0,534422,,70,0.3,,충남,5,1.0,,1.0,,1.0,2025-07-07 01:00,1.0,0.054
1.0,18,0.003,1.0,20,2.0,,2.0,8,,도시대기,대산리,0.004,1.0,534423,,67,0.3,,충남,8,1.0,,1.0,,1.0,2025-07-07 01:00,1.0,0.050
1.0,13,0.003,1.0,16,2.0,,2.0,8,,도시대기,성연면,0.004,1.0,534424,,70,0.3,,충남,8,1.0,,1.0,,1.0,2025-07-07 01:00,1.0,0.054
1.0,22,0.003,1.0,23,2.0,,2.0,14,,도시대기,송산면,0.004,1.0,534433,,63,0.3,,충남,15,1.0,,1.0,,1.0,2025-07-07 01:00,1.0,0.044
1.0,24,0.003,1.0,18,2.0,,2.0,8,,도시대기,당진시청사,0.004,1.0,534434,,65,0.3,,충남,9,1.0,,1.0,,1.0,2025-07-07 01:00,1.0,0.047
1.0,21,0.003,1.0,22,2.0,,2.0,6,,도시대기,합덕읍,0.003,1.0,534435,,61,0.2,,충남,10,1.0,,1.0,,1.0,2025-07-07 01:00,1.0,0.042
1.0,20,0.003,2.0,34,2.0,,2.0,13,,도로변대기,복운리,0.006,1.0,534436,,52,0.4,,충남,11,1.0,,1.0,,1.0,2025-07-07 01:00,1.0,0.031
1.0,19,0.004,1.0,12,1.0,,1.0,6,,도시대기,모종동,0.004,1.0,534441,,46,0.2,,충남,11,1.0,,1.0,,1.0,2025-07-07 01:00,1.0,0.027
1.0,22,0.003,1.0,12,1.0,,1.0,11,,도시대기,배방읍,0.004,1.0,534442,,43,0.4,,충남,13,1.0,,1.0,,1.0,2025-07-07 01:00,1.0,0.021
1.0,12,0.003,1.0,10,2.0,,2.0,12,,도시대기,도고면,0.002,1.0,534443,,53,0.2,,충남,12,1.0,,1.0,,1.0,2025-07-07 01:00,1.0,0.033
2.0,19,0.003,1.0,16,,,,23,,도시대기,둔포면,0.004,1.0,534444,,-,0.3,,충남,14,1.0,통신장애,1.0,,1.0,2025-07-07 01:00,1.0,-
1.0,20,0.004,1.0,17,2.0,,2.0,9,,도시대기,인주면,0.005,1.0,534445,,61,0.3,,충남,13,1.0,,1.0,,1.0,2025-07-07 01:00,1.0,0.042
1.0,10,0.002,1.0,5,1.0,,1.0,6,,도로변대기,장재리,0.007,1.0,534446,,30,0.4,,충남,9,1.0,,1.0,,1.0,2025-07-07 01:00,1.0,0.017
1.0,18,0.003,1.0,27,1.0,,1.0,5,,도시대기,송악면,0.003,1.0,534448,,42,0.2,,충남,8,1.0,,1.0,,1.0,2025-07-07 01:00,1.0,0.025
1.0,14,0.003,1.0,16,1.0,,1.0,6,,도시대기,논산,0.005,1.0,534451,,41,0.3,,충남,10,1.0,,1.0,,1.0,2025-07-07 01:00,1.0,0.024
1.0,19,0.002,1.0,19,2.0,,2.0,1,,도시대기,연무읍,0.003,1.0,534452,통신장애,52,-,,충남,7,1.0,,1.0,,,2025-07-07 01:00,1.0,0.031
1.0,12,0.003,1.0,18,1.0,,1.0,14,,도시대기,성동면,0.007,1.0,534453,,45,0.3,,충남,10,1.0,,1.0,,1.0,2025-07-07 01:00,1.0,0.027
1.0,17,0.001,1.0,11,2.0,,2.0,11,,교외대기,파도리,0.002,1.0,534461,,54,0.1,,충남,11,1.0,,1.0,,1.0,2025-07-07 01:00,1.0,0.034
1.0,12,0.003,1.0,21,2.0,,2.0,10,,도시대기,이원면,0.003,1.0,534462,,69,0.3,,충남,8,1.0,,1.0,,1.0,2025-07-07 01:00,1.0,0.052
1.0,27,0.004,2.0,47,2.0,,2.0,11,,도시대기,태안읍,0.004,1.0,534463,,65,0.4,,충남,6,1.0,,1.0,,1.0,2025-07-07 01:00,1.0,0.047
1.0,-,-,,-,,,1.0,5,통신장애,국가배경농도(도서),격렬비열도,-,,534464,통신장애,33,-,통신장애,충남,10,,통신장애,1.0,통신장애,,2025-07-07 01:00,,-
1.0,12,0.003,1.0,15,2.0,,2.0,12,,도시대기,원북면,0.004,1.0,534465,,68,0.3,,충남,8,1.0,,1.0,,1.0,2025-07-07 01:00,1.0,0.051
1.0,9,0.004,1.0,8,2.0,,2.0,7,,도시대기,예산군,0.002,1.0,534471,,56,0.3,,충남,9,1.0,,1.0,,1.0,2025-07-07 01:00,1.0,0.037
1.0,19,0.003,1.0,22,1.0,,1.0,15,,도시대기,삽교읍,0.003,1.0,534472,,47,0.3,,충남,12,1.0,,1.0,,1.0,2025-07-07 01:00,1.0,0.028
2.0,21,0.005,1.0,28,2.0,,2.0,21,,도시대기,고덕면(충남),0.004,1.0,534473,,63,0.8,,충남,16,1.0,,2.0,,1.0,2025-07-07 01:00,1.0,0.044
1.0,18,0.004,1.0,22,2.0,,2.0,12,,도시대기,대천2동,0.003,1.0,534481,,71,0.3,,충남,9,1.0,,1.0,,1.0,2025-07-07 01:00,1.0,0.055
1.0,16,0.002,1.0,18,2.0,,2.0,13,,도시대기,주교면,0.004,1.0,534482,,63,0.3,,충남,9,1.0,,1.0,,1.0,2025-07-07 01:00,1.0,0.045
1.0,11,0.001,1.0,11,2.0,,2.0,8,,국가배경농도(도서),외연도,0.004,1.0,534484,,61,0.2,,충남,6,1.0,,1.0,,1.0,2025-07-07 01:00,1.0,0.043
1.0,19,0.003,1.0,21,2.0,,2.0,15,,도시대기,홍성읍,0.003,1.0,534491,,69,0.3,,충남,12,1.0,,1.0,,1.0,2025-07-07 01:00,1.0,0.053
2.0,18,0.002,1.0,26,2.0,,2.0,21,,도시대기,내포,0.004,1.0,534492,,69,0.5,,충남,14,1.0,,1.0,,1.0,2025-07-07 01:00,1.0,0.052
1.0,20,0.003,1.0,19,1.0,,1.0,11,,도시대기,금산읍,0.005,1.0,534501,,43,0.3,,충남,13,1.0,,1.0,,1.0,2025-07-07 01:00,1.0,0.013
1.0,17,0.004,1.0,19,1.0,,1.0,13,,도시대기,청양읍,0.005,1.0,534502,,40,0.3,,충남,12,1.0,,1.0,,1.0,2025-07-07 01:00,1.0,0.014
1.0,13,0.002,1.0,10,1.0,,1.0,2,,도시대기,정산면,0.004,1.0,534503,,22,0.3,,충남,6,1.0,,1.0,,1.0,2025-07-07 01:00,1.0,0.008
1.0,16,0.003,1.0,12,2.0,,2.0,9,,도시대기,엄사면,0.004,1.0,534510,,51,0.4,,충남,10,1.0,,1.0,,1.0,2025-07-07 01:00,1.0,0.031
2.0,24,0.002,1.0,30,2.0,,2.0,18,,항만,평택당진항,0.006,1.0,534901,,52,0.6,,충남,15,1.0,,1.0,,1.0,2025-07-07 01:00,1.0,0.031
2.0,19,0.002,1.0,22,2.0,,2.0,17,,항만,대산항,0.004,1.0,534902,,66,0.4,,충남,10,1.0,,1.0,,1.0,2025-07-07 01:00,1.0,0.048
1.0,18,0.002,1.0,17,2.0,,2.0,12,,항만,장항항,0.004,1.0,534903,,66,0.2,,충남,10,1.0,,1.0,,1.0,2025-07-07 01:00,1.0,0.048
2.0,16,0.001,1.0,15,1.0,,1.0,16,,항만,평택당진항(당진항),0.003,1.0,534904,,38,0.3,,충남,10,1.0,,1.0,,1.0,2025-07-07 01:00,1.0,0.023
1.0,20,0.002,1.0,11,2.0,,2.0,13,,항만,태안항,0.003,1.0,534905,,64,0.1,,충남,11,1.0,,1.0,,1.0,2025-07-07 01:00,1.0,0.046
2.0,47,0.001,2.0,56,2.0,,2.0,20,,항만,보령항,0.002,1.0,534906,,67,0.2,,충남,16,1.0,,2.0,,1.0,2025-07-07 01:00,2.0,0.044
1.0,16,0.003,1.0,14,2.0,,2.0,8,,도시대기,서천읍,0.005,1.0,735520,,60,0.3,,충남,7,1.0,,1.0,,1.0,2025-07-07 01:00,1.0,0.041
1.0,14,0.003,1.0,15,,,,8,,도시대기,서면,0.003,1.0,735521,,-,0.3,,충남,8,1.0,통신장애,1.0,,1.0,2025-07-07 01:00,1.0,-
1.0,18,0.003,1.0,25,2.0,,2.0,5,,도시대기,장항읍,0.005,1.0,735522,,58,0.2,,충남,8,1.0,,1.0,,1.0,2025-07-07 01:00,1.0,0.039
1.0,13.0,0.001,1.0,14.0,1.0,,1.0,7.0,,도시대기,노송동,0.005,1.0,335115,,42.0,0.3,,전북,7.0,1.0,,1.0,,1.0,2025-07-07 01:00,1.0,0.025
1.0,20.0,0.002,1.0,21.0,1.0,,1.0,10.0,,도시대기,삼천동,0.004,1.0,735111,,48.0,0.3,,전북,11.0,1.0,,1.0,,1.0,2025-07-07 01:00,1.0,0.029
1.0,14.0,0.002,1.0,10.0,1.0,,1.0,7.0,,도시대기,팔복동,0.003,1.0,735114,,32.0,0.1,,전북,7.0,1.0,,1.0,,1.0,2025-07-07 01:00,1.0,0.019
1.0,18.0,0.003,1.0,18.0,2.0,,2.0,8.0,,도시대기,송천동,0.005,1.0,735115,,55.0,0.1,,전북,8.0,1.0,,1.0,,1.0,2025-07-07 01:00,1.0,0.035
1.0,18.0,0.002,1.0,19.0,,,1.0,12.0,,도로변대기,서신동,0.004,1.0,735116,,50.0,0.2,,전북,15.0,1.0,통신장애,1.0,,1.0,2025-07-07 01:00,1.0,-
1.0,20.0,0.002,1.0,20.0,1.0,,1.0,3.0,,도시대기,혁신동,0.002,1.0,735117,,37.0,0.2,,전북,7.0,1.0,,1.0,,1.0,2025-07-07 01:00,1.0,0.022
1.0,18.0,0.003,1.0,18.0,3.0,,3.0,10.0,,도시대기,여의동,0.003,1.0,735118,,133.0,0.2,,전북,11.0,1.0,,1.0,,1.0,2025-07-07 01:00,1.0,0.103
1.0,22.0,0.002,1.0,26.0,1.0,,1.0,7.0,,도시대기,효자동,0.003,1.0,735119,,38.0,0.2,,전북,8.0,1.0,,1.0,,1.0,2025-07-07 01:00,1.0,0.023
1.0,14.0,0.002,1.0,13.0,2.0,,2.0,10.0,,도시대기,신풍동(군산),0.001,1.0,735121,,56.0,0.3,,전북,11.0,1.0,,1.0,,1.0,2025-07-07 01:00,1.0,0.037
1.0,16.0,0.003,1.0,11.0,2.0,,2.0,3.0,,도시대기,소룡동,0.004,1.0,735122,,56.0,0.4,,전북,9.0,1.0,,1.0,,1.0,2025-07-07 01:00,1.0,0.037
1.0,16.0,0.002,1.0,11.0,2.0,,2.0,4.0,,도시대기,사정동,0.004,1.0,735123,,53.0,0.2,,전북,6.0,1.0,,1.0,,1.0,2025-07-07 01:00,1.0,0.033
,,,,,,,,,,도시대기,옥산면,,,735124,,,,,전북,,,,,,,,,
1.0,20.0,0.006,1.0,19.0,2.0,,2.0,9.0,,도시대기,비응도동,0.004,1.0,735125,,60.0,0.3,,전북,9.0,1.0,,1.0,,1.0,2025-07-07 01:00,1.0,0.042
1.0,18.0,-,1.0,15.0,,,1.0,8.0,통신장애,국가배경농도(도서),말도,-,,735126,통신장애,30.0,-,,전북,8.0,,통신장애,1.0,통신장애,,2025-07-07 01:00,1.0,-
1.0,12.0,0.002,1.0,11.0,2.0,,2.0,6.0,,도시대기,소룡동2,0.002,1.0,735127,,56.0,0.4,,전북,8.0,1.0,,1.0,,1.0,2025-07-07 01:00,1.0,0.036
1.0,15.0,0.003,1.0,18.0,2.0,,2.0,6.0,,도시대기,삼기면,0.003,1.0,735131,,55.0,0.2,,전북,8.0,1.0,,1.0,,1.0,2025-07-07 01:00,1.0,0.035
,,,,,,,,,,도시대기,팔봉동,,,735133,,,,,전북,,,,,,,,,
1.0,19.0,0.003,1.0,14.0,2.0,,2.0,6.0,,도시대기,모현동,0.002,1.0,735134,,64.0,0.2,,전북,8.0,1.0,,1.0,,1.0,2025-07-07 01:00,1.0,0.046
1.0,18.0,0.003,1.0,16.0,2.0,,2.0,12.0,,도시대기,용동면,0.003,1.0,735135,,60.0,0.3,,전북,11.0,1.0,,1.0,,1.0,2025-07-07 01:00,1.0,0.042
1.0,25.0,0.003,1.0,23.0,2.0,,2.0,12.0,,도시대기,함열읍,0.002,1.0,735136,,60.0,0.2,,전북,11.0,1.0,,1.0,,1.0,2025-07-07 01:00,1.0,0.041
1.0,17.0,0.003,1.0,19.0,1.0,,1.0,8.0,,도시대기,춘포면,0.004,1.0,735137,,40.0,0.2,,전북,7.0,1.0,,1.0,,1.0,2025-07-07 01:00,1.0,0.024
1.0,20.0,0.003,1.0,18.0,2.0,,2.0,9.0,,도시대기,여산면,0.002,1.0,735138,,55.0,0.2,,전북,11.0,1.0,,1.0,,1.0,2025-07-07 01:00,1.0,0.035
1.0,16.0,0.003,1.0,15.0,2.0,,2.0,4.0,,도로변대기,금마면,0.003,1.0,735139,,54.0,0.2,,전북,6.0,1.0,,1.0,,1.0,2025-07-07 01:00,1.0,0.034
1.0,19.0,0.002,1.0,15.0,1.0,,1.0,12.0,,도시대기,연지동,0.004,1.0,735141,,37.0,0.0,,전북,11.0,1.0,,1.0,,1.0,2025-07-07 01:00,1.0,0.018
1.0,27.0,0.002,1.0,27.0,1.0,,1.0,13.0,,도시대기,신태인,0.004,1.0,735142,,45.0,0.1,,전북,13.0,1.0,,1.0,,1.0,2025-07-07 01:00,1.0,0.016
1.0,32.0,0.002,2.0,32.0,1.0,,2.0,14.0,,도시대기,영파동,0.005,1.0,735143,,52.0,0.1,,전북,15.0,1.0,,1.0,,1.0,2025-07-07 01:00,2.0,0.018
1.0,25.0,0.004,2.0,37.0,1.0,,1.0,7.0,,도시대기,죽항동,0.005,1.0,735151,,42.0,0.2,,전북,11.0,1.0,,1.0,,1.0,2025-07-07 01:00,1.0,0.021
1.0,20.0,0.003,1.0,16.0,2.0,,2.0,9.0,,도시대기,운봉읍,0.003,1.0,735152,,55.0,0.2,,전북,9.0,1.0,,1.0,,1.0,2025-07-07 01:00,1.0,0.035
1.0,11.0,0.002,1.0,9.0,1.0,,1.0,6.0,,도시대기,고창읍,0.003,1.0,735161,,27.0,0.2,,전북,7.0,1.0,,1.0,,1.0,2025-07-07 01:00,1.0,0.016
1.0,14.0,0.003,1.0,10.0,1.0,,1.0,7.0,,도시대기,심원면,0.005,1.0,735162,,47.0,0.2,,전북,7.0,1.0,,1.0,,1.0,2025-07-07 01:00,1.0,0.028
1.0,19.0,0.002,1.0,19.0,1.0,,1.0,8.0,,도시대기,부안읍,0.003,1.0,735171,,47.0,0.1,,전북,9.0,1.0,,1.0,,1.0,2025-07-07 01:00,1.0,0.028
1.0,11.0,0.001,1.0,8.0,1.0,,1.0,5.0,,교외대기,새만금,0.003,1.0,735172,,49.0,0.1,,전북,6.0,1.0,,1.0,,1.0,2025-07-07 01:00,1.0,0.030
1.0,14.0,0.001,1.0,11.0,1.0,,1.0,10.0,,도시대기,계화면,0.006,1.0,735173,,31.0,0.2,,전북,8.0,1.0,,1.0,,1.0,2025-07-07 01:00,1.0,0.018
1.0,18.0,0.001,1.0,17.0,1.0,,1.0,11.0,,도시대기,요촌동,0.003,1.0,735181,,49.0,0.2,,전북,9.0,1.0,,1.0,,1.0,2025-07-07 01:00,1.0,0.029
1.0,16.0,0.001,1.0,24.0,1.0,,1.0,8.0,,도시대기,광활면,0.004,1.0,735182,,39.0,0.2,,전북,8.0,1.0,,1.0,,1.0,2025-07-07 01:00,1.0,0.024
1.0,18.0,0.002,1.0,17.0,1.0,,1.0,11.0,,도시대기,고산면,0.003,1.0,735191,,44.0,0.2,,전북,12.0,1.0,,1.0,,1.0,2025-07-07 01:00,1.0,0.026
1.0,20.0,0.001,1.0,21.0,1.0,,1.0,13.0,,도시대기,봉동읍,0.003,1.0,735192,,47.0,0.2,,전북,10.0,1.0,,1.0,,1.0,2025-07-07 01:00,1.0,0.028
1.0,14.0,0.001,1.0,13.0,1.0,,1.0,8.0,,도시대기,구이면,0.003,1.0,735193,,37.0,0.2,,전북,11.0,1.0,,1.0,,1.0,2025-07-07 01:00,1.0,0.010
1.0,20.0,0.002,1.0,18.0,1.0,,1.0,14.0,,도시대기,진안읍,0.004,1.0,735201,,43.0,0.2,,전북,13.0,1.0,,1.0,,1.0,2025-07-07 01:00,1.0,0.012
1.0,16.0,0.001,1.0,12.0,1.0,,1.0,7.0,,교외대기,운암면,0.002,1.0,735351,,33.0,0.2,,전북,10.0,1.0,,1.0,,1.0,2025-07-07 01:00,1.0,0.006
1.0,19.0,0.003,1.0,18.0,1.0,,1.0,13.0,,도시대기,임실읍,0.004,1.0,735361,,37.0,0.3,,전북,11.0,1.0,,1.0,,1.0,2025-07-07 01:00,1.0,0.016
1.0,14.0,0.003,1.0,11.0,1.0,,1.0,4.0,,도시대기,관촌면,0.006,1.0,735362,,27.0,0.2,,전북,8.0,1.0,,1.0,,1.0,2025-07-07 01:00,1.0,0.016
1.0,20.0,0.002,1.0,16.0,1.0,,1.0,11.0,,도시대기,무주읍,0.003,1.0,735371,,40.0,0.3,,전북,12.0,1.0,,1.0,,1.0,2025-07-07 01:00,1.0,0.011
2.0,19.0,0.001,1.0,20.0,1.0,,1.0,16.0,,도시대기,안성면,0.009,1.0,735372,,47.0,0.2,,전북,14.0,1.0,,1.0,,1.0,2025-07-07 01:00,1.0,0.006
1.0,20.0,0.003,1.0,18.0,1.0,,1.0,7.0,,도시대기,순창읍,0.003,1.0,735381,,45.0,0.2,,전북,7.0,1.0,,1.0,,1.0,2025-07-07 01:00,1.0,0.027
1.0,22.0,0.003,1.0,17.0,1.0,,1.0,12.0,,도시대기,장수읍,0.006,1.0,735391,,40.0,0.3,,전북,12.0,1.0,,1.0,,1.0,2025-07-07 01:00,1.0,0.008
1.0,21.0,0.002,1.0,19.0,1.0,,1.0,12.0,,도시대기,장계면,0.007,1.0,735392,,43.0,0.3,,전북,13.0,1.0,,1.0,,1.0,2025-07-07 01:00,1.0,0.009
1.0,17.0,0.002,1.0,23.0,2.0,,2.0,9.0,,항만,군산항,0.008,1.0,735901,,54.0,0.3,,전북,8.0,1.0,,1.0,,1.0,2025-07-07 01:00,1.0,0.034
1.0,13,0.002,1.0,11,2.0,,2.0,5,,도시대기,용당동,0.001,1.0,336111,,53,0.4,,전남,6,1.0,,1.0,,1.0,2025-07-07 01:00,1.0,0.033
1.0,12,0.002,1.0,12,2.0,,2.0,6,,도시대기,부흥동,0.005,1.0,336112,,54,0.3,,전남,6,1.0,,1.0,,1.0,2025-07-07 01:00,1.0,0.033
1.0,11,0.002,1.0,14,1.0,,1.0,8,,도시대기,서강동,0.003,1.0,336121,,32,0.5,,전남,4,1.0,,1.0,,1.0,2025-07-07 01:00,1.0,0.019
1.0,18,0.003,1.0,2,1.0,,1.0,10,,도시대기,월내동,0.007,1.0,336124,,39,0.6,,전남,10,1.0,,1.0,,1.0,2025-07-07 01:00,1.0,0.024
1.0,12,0.002,1.0,7,1.0,,1.0,1,,도시대기,문수동,0.003,1.0,336125,,35,0.5,,전남,3,1.0,,1.0,,1.0,2025-07-07 01:00,1.0,0.021
1.0,14,0.002,1.0,9,1.0,,1.0,5,,도시대기,여천동(여수),0.005,1.0,336127,,23,0.2,,전남,6,1.0,,1.0,,1.0,2025-07-07 01:00,1.0,0.009
1.0,12,0.002,1.0,11,1.0,,1.0,10,,도시대기,덕충동,0.006,1.0,336128,,32,0.2,,전남,8,1.0,,1.0,,1.0,2025-07-07 01:00,1.0,0.019
1.0,-,0.005,,-,1.0,,,3,,도시대기,장천동,0.002,1.0,336131,,-,0.3,통신장애,전남,3,1.0,,1.0,,1.0,2025-07-07 01:00,,0.027
1.0,7,0.003,1.0,8,1.0,,1.0,4,,도시대기,연향동,0.002,1.0,336132,,44,0.2,,전남,6,1.0,,1.0,,1.0,2025-07-07 01:00,1.0,0.026
1.0,14,0.001,1.0,2,1.0,,1.0,1,,도시대기,순천만,0.001,1.0,336133,,28,0.2,,전남,7,1.0,,1.0,,1.0,2025-07-07 01:00,1.0,0.017
1.0,10,0.004,1.0,8,1.0,,1.0,2,,도시대기,호두리,0.001,1.0,336134,,17,0.2,,전남,2,1.0,,1.0,,1.0,2025-07-07 01:00,1.0,0.010
1.0,18,0.004,1.0,19,1.0,,1.0,7,,도시대기,신대,0.002,1.0,336135,,43,0.2,,전남,6,1.0,,1.0,,1.0,2025-07-07 01:00,1.0,0.026
1.0,17,0.004,1.0,16,1.0,,1.0,9,,도시대기,빛가람동,0.005,1.0,336141,,32,0.2,,전남,7,1.0,,1.0,,1.0,2025-07-07 01:00,1.0,0.019
1.0,11,0.003,1.0,12,1.0,,1.0,5,,도시대기,담양읍,0.006,1.0,336151,,26,0.2,,전남,5,1.0,,1.0,,1.0,2025-07-07 01:00,1.0,0.016
1.0,18,0.002,1.0,17,,,,6,,도시대기,장성읍,0.006,1.0,336161,,-,0.2,,전남,7,1.0,통신장애,1.0,,1.0,2025-07-07 01:00,1.0,-
1.0,13,0.002,1.0,11,1.0,,1.0,1,,도시대기,화양면,0.003,1.0,336221,,34,0.4,,전남,6,1.0,,1.0,,1.0,2025-07-07 01:00,1.0,0.021
1.0,11,0.002,1.0,10,1.0,,1.0,6,,도시대기,율촌면,0.004,1.0,336222,,37,0.4,,전남,8,1.0,,1.0,,1.0,2025-07-07 01:00,1.0,0.022
1.0,11,0.002,1.0,12,1.0,,1.0,5,,도시대기,삼일동,0.009,1.0,336223,,27,0.2,,전남,8,1.0,,1.0,,1.0,2025-07-07 01:00,1.0,0.012
1.0,14,0.003,1.0,10,1.0,,1.0,5,,도시대기,중동,0.004,1.0,336352,,29,0.2,,전남,6,1.0,,1.0,,1.0,2025-07-07 01:00,1.0,0.018
1.0,13,0.003,1.0,5,1.0,,1.0,7,,도시대기,태인동,0.007,1.0,336353,,27,0.2,,전남,8,1.0,,1.0,,1.0,2025-07-07 01:00,1.0,0.007
1.0,14,0.002,1.0,12,1.0,,1.0,8,,도시대기,광양읍,0.002,1.0,336355,,31,0.5,,전남,9,1.0,,1.0,,1.0,2025-07-07 01:00,1.0,0.019
1.0,18,0.003,1.0,17,1.0,,1.0,12,,도시대기,봉강면,0.004,1.0,336357,,50,0.1,,전남,15,1.0,,1.0,,1.0,2025-07-07 01:00,1.0,0.016
1.0,17,0.003,1.0,12,1.0,,1.0,9,,도시대기,진월면,0.011,1.0,336358,,37,0.2,,전남,11,1.0,,1.0,,1.0,2025-07-07 01:00,1.0,0.007
1.0,15,0.003,1.0,14,1.0,,1.0,6,,도시대기,해남읍,0.004,1.0,336361,,25,0.2,,전남,3,1.0,,1.0,,1.0,2025-07-07 01:00,1.0,0.011
1.0,13,0.002,1.0,13,1.0,,1.0,5,,도시대기,대불,0.003,1.0,336441,,39,0.3,,전남,6,1.0,,1.0,,1.0,2025-07-07 01:00,1.0,0.023
1.0,14,0.003,1.0,14,1.0,,1.0,8,,도시대기,영암읍,0.004,1.0,336442,통신장애,27,-,,전남,8,1.0,,1.0,,,2025-07-07 01:00,1.0,0.013
1.0,13,0.002,1.0,10,1.0,,1.0,8,,교외대기,송단리,0.002,1.0,336451,,33,0.1,,전남,10,1.0,,1.0,,1.0,2025-07-07 01:00,1.0,0.003
1.0,14,0.002,1.0,15,1.0,,1.0,1,,도시대기,화순읍,0.001,1.0,336452,,27,0.5,,전남,5,1.0,,1.0,,1.0,2025-07-07 01:00,1.0,0.016
1.0,11,0.002,1.0,10,2.0,,2.0,9,,도시대기,영광읍,0.004,1.0,336461,,60,0.2,,전남,9,1.0,,1.0,,1.0,2025-07-07 01:00,1.0,0.041
1.0,10,0.001,1.0,7,2.0,,2.0,4,,국가배경농도(도서),안마도,0.003,1.0,336462,,51,0.2,,전남,6,1.0,,1.0,,1.0,2025-07-07 01:00,1.0,0.030
1.0,16,0.002,1.0,11,1.0,,1.0,15,,도시대기,장흥읍,0.003,1.0,336471,,37,0.1,,전남,11,1.0,,1.0,,1.0,2025-07-07 01:00,1.0,0.014
1.0,11,0.003,1.0,7,1.0,,1.0,8,,도시대기,진도읍,0.002,1.0,336481,,38,0.4,,전남,5,1.0,,1.0,,1.0,2025-07-07 01:00,1.0,0.023
1.0,16,0.003,2.0,51,1.0,,1.0,3,,도시대기,신지면,0.004,1.0,336491,,27,0.3,,전남,5,1.0,,1.0,,1.0,2025-07-07 01:00,1.0,0.013
1.0,14,0.002,1.0,15,1.0,,1.0,9,,도시대기,함평읍,0.002,1.0,336501,,28,0.3,,전남,5,1.0,,1.0,,1.0,2025-07-07 01:00,1.0,0.017
1.0,11,0.001,1.0,11,1.0,,1.0,4,,도시대기,고흥읍,0.002,1.0,336511,,30,0.2,,전남,6,1.0,,1.0,,1.0,2025-07-07 01:00,1.0,0.018
1.0,12,0.003,1.0,12,1.0,,1.0,4,,도시대기,신안군,0.001,1.0,336521,,31,0.1,,전남,6,1.0,,1.0,,1.0,2025-07-07 01:00,1.0,0.019
1.0,14,0.001,1.0,8,2.0,,2.0,8,,국가배경농도(도서),홍도,0.003,1.0,336522,,52,0.3,,전남,9,1.0,,1.0,,1.0,2025-07-07 01:00,1.0,0.031
,-,0.002,,-,2.0,통신장애,,-,,국가배경농도(도서),가거도,0.002,1.0,336523,,-,0.2,통신장애,전남,-,1.0,,,,1.0,2025-07-07 01:00,,0.037
1.0,13,0.002,1.0,11,1.0,,1.0,3,,도시대기,무안읍,0.002,1.0,336531,,27,0.3,,전남,4,1.0,,1.0,,1.0,2025-07-07 01:00,1.0,0.016
1.0,7,0.001,1.0,7,2.0,,,1,,도시대기,남악.오룡,0.002,1.0,336532,,-,0.3,,전남,-,1.0,,,,1.0,2025-07-07 01:00,1.0,0.034
1.0,17,0.002,1.0,16,1.0,,1.0,5,,도시대기,강진읍,0.003,1.0,336541,,30,0.2,,전남,9,1.0,,1.0,,1.0,2025-07-07 01:00,1.0,0.016
1.0,13,0.003,1.0,11,1.0,,1.0,11,,도시대기,곡성읍,0.004,1.0,336551,,27,0.1,,전남,8,1.0,,1.0,,1.0,2025-07-07 01:00,1.0,0.016
1.0,12,0.001,1.0,12,1.0,,1.0,1,,도시대기,구례읍,0.003,1.0,336561,,23,0.4,,전남,7,1.0,,1.0,,1.0,2025-07-07 01:00,1.0,0.013
1.0,12,0.002,1.0,12,1.0,,1.0,7,,도시대기,벌교읍,0.003,1.0,336571,,33,0.2,,전남,10,1.0,,1.0,,1.0,2025-07-07 01:00,1.0,0.019
1.0,14,0.002,1.0,3,1.0,,1.0,8,,도시대기,보성읍,0.004,1.0,336572,,30,0.3,,전남,9,1.0,,1.0,,1.0,2025-07-07 01:00,1.0,0.012
1.0,13,0.001,1.0,24,1.0,,1.0,7,,항만,목포항,0.002,1.0,336901,,44,0.2,,전남,8,1.0,,1.0,,1.0,2025-07-07 01:00,1.0,0.027
1.0,14,0.002,1.0,11,1.0,,1.0,9,,항만,광양항,0.004,1.0,336902,,37,0.3,,전남,9,1.0,,1.0,,1.0,2025-07-07 01:00,1.0,0.022
1.0,14,0.002,1.0,14,1.0,,1.0,9,,항만,여수항,0.004,1.0,336903,,33,0.2,,전남,8,1.0,,1.0,,1.0,2025-07-07 01:00,1.0,0.020
1.0,22,0.001,1.0,18,1.0,,1.0,9,,항만,광양 중마,0.004,1.0,336904,,40,0.1,,전남,12,1.0,,1.0,,1.0,2025-07-07 01:00,1.0,0.019
1.0,20,0.001,1.0,15,1.0,,1.0,8,,항만,광양 율촌,0.006,1.0,336905,,33,0.1,,전남,8,1.0,,1.0,,1.0,2025-07-07 01:00,1.0,0.020
2.0,28,0.003,1.0,30,1.0,,2.0,23,,도시대기,진량읍,0.009,1.0,437173,,59,0.3,,경북,19,1.0,,2.0,,1.0,2025-07-07 01:00,1.0,0.026
2.0,24,0.002,1.0,28,2.0,,2.0,21,,도시대기,상주시,0.004,1.0,437181,,64,0.3,,경북,21,1.0,,2.0,,1.0,2025-07-07 01:00,1.0,0.044
2.0,22,0.002,1.0,25,2.0,,2.0,23,,도시대기,칠곡군,0.011,1.0,437191,,60,0.3,,경북,18,1.0,,2.0,,1.0,2025-07-07 01:00,1.0,0.041
2.0,35,0.002,2.0,39,2.0,,2.0,23,,도시대기,영덕읍,0.002,1.0,437201,,70,0.2,,경북,21,1.0,,2.0,,1.0,2025-07-07 01:00,2.0,0.053
2.0,24,0.002,1.0,21,2.0,,2.0,19,,교외대기,강구면,0.004,1.0,437202,,74,0.2,,경북,19,1.0,,2.0,,1.0,2025-07-07 01:00,1.0,0.059
2.0,37,0.002,2.0,42,2.0,,2.0,22,,도시대기,영해면,0.002,1.0,437203,,74,0.3,,경북,20,1.0,,2.0,,1.0,2025-07-07 01:00,2.0,0.058
2.0,24,0.003,1.0,25,2.0,,2.0,16,,도시대기,문경시,0.006,1.0,437211,,54,0.3,,경북,15,1.0,,1.0,,1.0,2025-07-07 01:00,1.0,0.033
1.0,19,0.002,1.0,19,1.0,,1.0,9,,도시대기,성주군,0.01,1.0,437221,,37,0.3,,경북,11,1.0,,1.0,,1.0,2025-07-07 01:00,1.0,0.011
2.0,25,0.002,1.0,22,1.0,,2.0,19,,교외대기,화북면,0.005,1.0,437401,,51,0.3,,경북,16,1.0,,2.0,,1.0,2025-07-07 01:00,1.0,0.03
2.0,30,0.002,1.0,28,2.0,,2.0,22,,도시대기,영천시,0.005,1.0,437402,,64,0.2,,경북,21,1.0,,2.0,,1.0,2025-07-07 01:00,1.0,0.04
2.0,32,0.003,2.0,33,1.0,,2.0,30,,교외대기,안계면(교외),0.006,1.0,437411,,74,0.3,,경북,25,1.0,,2.0,,1.0,2025-07-07 01:00,2.0,0.01
2.0,24,0.002,1.0,23,2.0,,2.0,22,,도시대기,의성읍,0.005,1.0,437412,,59,0.3,,경북,19,1.0,,2.0,,1.0,2025-07-07 01:00,1.0,0.031
2.0,29,0.003,1.0,30,1.0,,2.0,22,,도시대기,안계면,0.005,1.0,437413,,56,0.3,,경북,18,1.0,,2.0,,1.0,2025-07-07 01:00,1.0,0.016
2.0,20,0.003,1.0,20,1.0,,1.0,20,,도시대기,울진군,0.006,1.0,437421,,50,0.3,,경북,15,1.0,,1.0,,1.0,2025-07-07 01:00,1.0,0.029
2.0,29,0.002,1.0,28,1.0,,2.0,21,,도시대기,석포면,0.004,1.0,437431,,64,0.3,,경북,21,1.0,,2.0,,1.0,2025-07-07 01:00,1.0,0.012
2.0,56,0.002,2.0,54,1.0,,2.0,17,,도시대기,봉화군청,0.004,1.0,437432,,76,0.5,,경북,23,1.0,,2.0,,1.0,2025-07-07 01:00,2.0,0.014
2.0,19,0.002,1.0,17,2.0,,2.0,17,,국가배경농도(도서),태하리,0.003,1.0,437541,,72,0.2,,경북,17,1.0,,2.0,,1.0,2025-07-07 01:00,1.0,0.056
1.0,27,0.003,1.0,25,2.0,,2.0,14,,도시대기,울릉읍,0.004,1.0,437542,,65,0.3,,경북,14,1.0,,1.0,,1.0,2025-07-07 01:00,1.0,0.047
1.0,14,0.003,1.0,13,1.0,,1.0,10,,도시대기,대가야읍,0.005,1.0,437551,,37,0.3,,경북,11,1.0,,1.0,,1.0,2025-07-07 01:00,1.0,0.007
2.0,22,0.002,1.0,27,1.0,,2.0,17,,도시대기,영양군,0.004,1.0,437571,,51,0.2,,경북,16,1.0,,2.0,,1.0,2025-07-07 01:00,1.0,0.015
2.0,34,0.002,2.0,38,1.0,,2.0,22,,도시대기,예천군,0.004,1.0,437581,,64,0.2,,경북,21,1.0,,2.0,,1.0,2025-07-07 01:00,2.0,0.03
1.0,24,0.002,1.0,22,1.0,,1.0,13,,도시대기,화양읍,0.007,1.0,437591,,43,0.2,,경북,13,1.0,,1.0,,1.0,2025-07-07 01:00,1.0,0.014
2.0,52,0.003,2.0,54,1.0,,2.0,25,,항만,포항항,0.028,1.0,437901,,72,0.7,,경북,20,1.0,,2.0,,1.0,2025-07-07 01:00,2.0,0.02
2.0,21,0.002,1.0,26,2.0,,2.0,16,,도로변대기,우현동,0.006,1.0,437111,,59,0.3,,경북,15,1.0,,1.0,,1.0,2025-07-07 01:00,1.0,0.039
1.0,24,0.002,1.0,27,2.0,,2.0,13,,도시대기,장흥동,0.006,1.0,437112,,58,0.6,,경북,11,1.0,,1.0,,1.0,2025-07-07 01:00,1.0,0.038
2.0,21,0.002,1.0,24,2.0,,2.0,16,,도시대기,장량동,0.004,1.0,437113,,60,0.3,,경북,15,1.0,,1.0,,1.0,2025-07-07 01:00,1.0,0.041
2.0,28,0.002,2.0,34,2.0,,2.0,20,,도시대기,대도동,0.005,1.0,437114,,59,0.3,,경북,16,1.0,,2.0,,1.0,2025-07-07 01:00,1.0,0.04
2.0,27,0.003,2.0,35,2.0,,2.0,19,,도시대기,대송면,0.005,1.0,437115,,62,0.5,,경북,15,1.0,,1.0,,1.0,2025-07-07 01:00,1.0,0.043
2.0,33,0.002,1.0,30,2.0,,2.0,20,,도시대기,3공단,0.005,1.0,437116,,60,0.4,,경북,18,1.0,,2.0,,1.0,2025-07-07 01:00,2.0,0.041
1.0,21,0.002,1.0,23,2.0,,2.0,14,,도시대기,송도동,0.005,1.0,437117,,59,0.3,,경북,13,1.0,,1.0,,1.0,2025-07-07 01:00,1.0,0.039
2.0,28,0.003,2.0,32,2.0,,2.0,20,,도시대기,오천읍,0.008,1.0,437118,,62,0.4,,경북,18,1.0,,2.0,,1.0,2025-07-07 01:00,1.0,0.044
2.0,33,0.005,2.0,34,2.0,,2.0,22,,도시대기,청림동,0.008,1.0,437119,,59,0.8,,경북,19,1.0,,2.0,,1.0,2025-07-07 01:00,2.0,0.038
2.0,24,0.002,1.0,22,2.0,,2.0,16,,도시대기,연일읍,0.005,1.0,437120,,60,0.3,,경북,13,1.0,,1.0,,1.0,2025-07-07 01:00,1.0,0.042
1.0,25,0.003,1.0,19,2.0,,2.0,14,,도시대기,제철동,0.005,1.0,437121,,62,0.5,,경북,14,1.0,,1.0,,1.0,2025-07-07 01:00,1.0,0.044
1.0,24,0.003,1.0,27,2.0,,2.0,12,,도시대기,성건동,0.002,1.0,437122,,70,0.2,,경북,13,1.0,,1.0,,1.0,2025-07-07 01:00,1.0,0.054
1.0,17,0.003,1.0,15,1.0,,1.0,14,,도시대기,보덕동,0.0,1.0,437123,,43,0.2,,경북,12,1.0,,1.0,,1.0,2025-07-07 01:00,1.0,0.026
2.0,20,0.003,1.0,22,2.0,,2.0,17,,도시대기,안강읍,0.003,1.0,437124,,63,0.4,,경북,16,1.0,,2.0,,1.0,2025-07-07 01:00,1.0,0.045
2.0,24,0.003,1.0,25,1.0,,1.0,17,,도시대기,외동읍,0.002,1.0,437125,,50,0.3,,경북,15,1.0,,1.0,,1.0,2025-07-07 01:00,1.0,0.02
2.0,23,0.002,1.0,26,2.0,,2.0,17,,도시대기,양덕동,0.004,1.0,437126,,62,0.4,,경북,14,1.0,,1.0,,1.0,2025-07-07 01:00,1.0,0.044
1.0,22,0.003,1.0,23,1.0,,1.0,11,,도시대기,평화남산동,0.009,1.0,437131,,41,0.3,,경북,12,1.0,,1.0,,1.0,2025-07-07 01:00,1.0,0.025
2.0,27,0.002,1.0,25,1.0,,2.0,20,,도시대기,대광동,0.008,1.0,437132,,61,0.3,,경북,20,1.0,,2.0,,1.0,2025-07-07 01:00,1.0,0.015
1.0,28,0.002,1.0,29,1.0,,1.0,14,,도시대기,율곡동,0.007,1.0,437133,,47,0.3,,경북,14,1.0,,1.0,,1.0,2025-07-07 01:00,1.0,0.021
2.0,27,0.002,1.0,26,1.0,,1.0,16,,도시대기,명륜동,0.007,1.0,437141,,47,0.4,,경북,14,1.0,,1.0,,1.0,2025-07-07 01:00,1.0,0.025
2.0,30,0.003,2.0,37,1.0,,2.0,25,,도시대기,공단동,0.009,1.0,437151,,61,0.4,,경북,20,1.0,,2.0,,1.0,2025-07-07 01:00,1.0,0.03
2.0,32,0.003,1.0,29,1.0,,2.0,16,,도시대기,원평동,0.01,1.0,437152,,52,0.4,,경북,16,1.0,,2.0,,1.0,2025-07-07 01:00,2.0,0.026
2.0,24,0.002,1.0,23,1.0,,2.0,21,,도시대기,형곡동,0.007,1.0,437153,,54,0.4,,경북,17,1.0,,2.0,,1.0,2025-07-07 01:00,1.0,0.026
2.0,27,0.002,1.0,27,1.0,,2.0,21,,도시대기,4공단,0.008,1.0,437154,,54,0.4,,경북,17,1.0,,2.0,,1.0,2025-07-07 01:00,1.0,0.017
2.0,30,0.003,2.0,32,1.0,,2.0,22,,도시대기,진미동,0.007,1.0,437156,,61,0.5,,경북,20,1.0,,2.0,,1.0,2025-07-07 01:00,1.0,0.029
2.0,28,0.003,1.0,29,1.0,,2.0,22,,도시대기,가흥동,0.011,1.0,437161,,61,0.5,,경북,20,1.0,,2.0,,1.0,2025-07-07 01:00,1.0,0.013
2.0,34,0.002,2.0,39,1.0,,2.0,25,,도시대기,영주동,0.007,1.0,437162,,66,0.5,,경북,22,1.0,,2.0,,1.0,2025-07-07 01:00,2.0,0.023
2.0,22,0.003,1.0,26,1.0,,1.0,19,,도시대기,중방동,0.004,1.0,437171,,50,0.3,,경북,15,1.0,,1.0,,1.0,2025-07-07 01:00,1.0,0.023
2.0,26,0.003,1.0,29,2.0,,2.0,17,,도시대기,하양읍,0.003,1.0,437172,,59,0.3,,경북,19,1.0,,2.0,,1.0,2025-07-07 01:00,1.0,0.038
2.0,24,0.003,1.0,28,1.0,,2.0,17,,도시대기,청송읍,0.005,1.0,735601,,54,0.2,,경북,17,1.0,,2.0,,1.0,2025-07-07 01:00,1.0,0.015
1.0,16,0.004,1.0,14,1.0,,1.0,7,,도시대기,회원동,0.013,1.0,238111,,33,0.1,,경남,10,1.0,,1.0,,1.0,2025-07-07 01:00,1.0,0.013
1.0,19,0.003,1.0,15,1.0,,1.0,9,,도시대기,봉암동,0.018,1.0,238112,,32,0.2,,경남,9,1.0,,1.0,,1.0,2025-07-07 01:00,1.0,0.009
1.0,16,0.002,1.0,8,1.0,,1.0,11,,도시대기,내서읍,0.007,1.0,238113,,33,0.2,,경남,10,1.0,,1.0,,1.0,2025-07-07 01:00,1.0,0.011
1.0,13,0.002,1.0,13,1.0,,1.0,8,,도시대기,상봉동,0.006,1.0,238131,,23,0.2,,경남,7,1.0,,1.0,,1.0,2025-07-07 01:00,1.0,0.012
2.0,15,0.002,1.0,12,1.0,,1.0,19,,도시대기,대안동,0.006,1.0,238132,,50,0.2,,경남,15,1.0,,1.0,,1.0,2025-07-07 01:00,1.0,0.015
1.0,22,0.004,1.0,24,1.0,,1.0,14,,도시대기,상대동(진주),0.01,1.0,238133,,47,0.3,,경남,14,1.0,,1.0,,1.0,2025-07-07 01:00,1.0,0.011
1.0,22,0.003,1.0,24,1.0,,1.0,15,,도시대기,정촌면,0.008,1.0,238134,,37,0.2,,경남,8,1.0,,1.0,,1.0,2025-07-07 01:00,1.0,0.006
1.0,21,0.003,1.0,21,1.0,,1.0,13,,도시대기,명서동,0.012,1.0,238141,,43,0.2,,경남,13,1.0,,1.0,,1.0,2025-07-07 01:00,1.0,0.018
1.0,17,0.003,1.0,16,1.0,,1.0,13,,도시대기,웅남동,0.008,1.0,238142,,43,0.2,,경남,13,1.0,,1.0,,1.0,2025-07-07 01:00,1.0,0.022
1.0,23,0.003,1.0,21,1.0,,1.0,14,,도시대기,성주동,0.011,1.0,238143,,40,0.3,,경남,12,1.0,,1.0,,1.0,2025-07-07 01:00,1.0,0.02
1.0,24,0.003,1.0,27,1.0,,1.0,11,,도시대기,용지동,0.015,1.0,238144,,40,0.5,,경남,10,1.0,,1.0,,1.0,2025-07-07 01:00,1.0,0.014
2.0,26,0.003,1.0,26,1.0,,1.0,17,,도로변대기,반송로,0.027,1.0,238145,,47,0.3,,경남,14,1.0,,1.0,,1.0,2025-07-07 01:00,1.0,0.006
1.0,13,0.003,1.0,12,1.0,,1.0,11,,도시대기,사파동,0.009,1.0,238146,,37,0.3,,경남,11,1.0,,1.0,,1.0,2025-07-07 01:00,1.0,0.021
1.0,16,0.002,1.0,15,1.0,,1.0,10,,도로변대기,삼진로,0.005,1.0,238147,,30,0.2,,경남,9,1.0,,1.0,,1.0,2025-07-07 01:00,1.0,0.007
1.0,15,0.002,1.0,18,1.0,,1.0,6,,도시대기,경화동,0.007,1.0,238151,,27,0.3,,경남,8,1.0,,1.0,,1.0,2025-07-07 01:00,1.0,0.016
1.0,23,0.002,1.0,23,1.0,,1.0,13,,도시대기,월영동,0.01,1.0,238152,,40,0.2,,경남,12,1.0,,1.0,,1.0,2025-07-07 01:00,1.0,0.015
1.0,23,0.003,1.0,19,1.0,,1.0,9,,도시대기,하동읍,0.006,1.0,238161,,38,0.3,,경남,9,1.0,,1.0,,1.0,2025-07-07 01:00,1.0,0.01
1.0,24,0.003,1.0,17,1.0,,1.0,9,,도시대기,금성면,0.01,1.0,238162,,40,0.3,,경남,8,1.0,,1.0,,1.0,2025-07-07 01:00,1.0,0.007
2.0,18,0.003,1.0,19,1.0,,1.0,24,,도시대기,동상동,0.011,1.0,238181,,43,0.2,,경남,13,1.0,,1.0,,1.0,2025-07-07 01:00,1.0,0.021
1.0,26,0.004,1.0,27,1.0,,1.0,7,,도시대기,삼방동,0.005,1.0,238182,,43,0.3,,경남,9,1.0,,1.0,,1.0,2025-07-07 01:00,1.0,0.021
1.0,15,0.003,1.0,16,1.0,,1.0,8,,도시대기,장유동,0.015,1.0,238183,,27,0.4,,경남,7,1.0,,1.0,,1.0,2025-07-07 01:00,1.0,0.016
1.0,22,0.003,1.0,23,1.0,,1.0,14,,도시대기,진영읍,0.015,1.0,238184,,47,0.3,,경남,14,1.0,,1.0,,1.0,2025-07-07 01:00,1.0,0.015
1.0,23,0.003,1.0,22,1.0,,1.0,14,,도로변대기,김해대로,0.016,1.0,238185,,47,0.2,,경남,14,1.0,,1.0,,1.0,2025-07-07 01:00,1.0,0.015
1.0,16,0.003,1.0,14,1.0,,1.0,7,,도시대기,진례면,0.016,1.0,238186,,27,0.5,,경남,7,1.0,,1.0,,1.0,2025-07-07 01:00,1.0,0.014
1.0,13,0.002,1.0,11,1.0,,1.0,7,,교외대기,저구리,0.004,1.0,238191,,30,0.2,,경남,9,1.0,,1.0,,1.0,2025-07-07 01:00,1.0,0.012
1.0,12,0.002,1.0,8,1.0,,1.0,7,,도시대기,아주동,0.028,1.0,238201,,47,0.3,,경남,8,1.0,,1.0,,1.0,2025-07-07 01:00,1.0,0.019
1.0,11,0.002,1.0,10,1.0,,1.0,4,,도시대기,고현동,0.005,1.0,238203,,23,0.3,,경남,7,1.0,,1.0,,1.0,2025-07-07 01:00,1.0,0.012
1.0,12,0.003,1.0,12,1.0,,1.0,7,,도시대기,사천읍,0.009,1.0,238211,,23,0.8,,경남,7,1.0,,1.0,,1.0,2025-07-07 01:00,1.0,0.008
1.0,12,0.002,1.0,18,1.0,,1.0,15,,도시대기,향촌동,0.008,1.0,238212,,27,0.2,,경남,8,1.0,,1.0,,1.0,2025-07-07 01:00,1.0,0.009
2.0,25,0.001,1.0,25,1.0,,2.0,17,,교외대기,대산면,0.005,1.0,238241,,51,0.4,,경남,16,1.0,,2.0,,1.0,2025-07-07 01:00,1.0,0.015
1.0,16,0.002,1.0,14,1.0,,1.0,12,,항만,옥포항,0.005,1.0,238301,,41,0.2,,경남,12,1.0,,1.0,,1.0,2025-07-07 01:00,1.0,0.024
1.0,21,0.002,1.0,23,1.0,,1.0,14,,도시대기,북부동,0.017,1.0,238361,,47,0.2,,경남,14,1.0,,1.0,,1.0,2025-07-07 01:00,1.0,0.01
1.0,19,0.002,1.0,12,1.0,,1.0,9,,도시대기,삼호동,0.009,1.0,238362,,38,0.2,,경남,9,1.0,,1.0,,1.0,2025-07-07 01:00,1.0,0.023
1.0,18,0.003,1.0,20,1.0,,1.0,13,,도시대기,물금읍,0.009,1.0,238363,,37,0.2,,경남,11,1.0,,1.0,,1.0,2025-07-07 01:00,1.0,0.017
1.0,19,0.004,1.0,17,1.0,,1.0,11,,도시대기,내일동,0.008,1.0,238401,,43,0.1,,경남,13,1.0,,1.0,,1.0,2025-07-07 01:00,1.0,0.022
1.0,13,0.003,1.0,16,1.0,,1.0,6,,도시대기,무전동,0.006,1.0,238411,,27,0.2,,경남,7,1.0,,1.0,,1.0,2025-07-07 01:00,1.0,0.016
2.0,17,0.002,1.0,20,1.0,,1.0,17,,도시대기,고성읍,0.008,1.0,238421,,43,0.3,,경남,13,1.0,,1.0,,1.0,2025-07-07 01:00,1.0,0.007
1.0,16,0.003,1.0,11,1.0,,2.0,14,,도시대기,거창읍,0.006,1.0,238431,,51,0.4,,경남,16,1.0,,2.0,,1.0,2025-07-07 01:00,1.0,0.012
1.0,16,0.002,1.0,16,1.0,,1.0,10,,도시대기,가야읍,0.005,1.0,238441,,37,0.5,,경남,11,1.0,,1.0,,1.0,2025-07-07 01:00,1.0,0.014
2.0,18,0.002,1.0,20,1.0,,1.0,16,,도시대기,함양읍,0.004,1.0,238451,,50,0.2,,경남,15,1.0,,1.0,,1.0,2025-07-07 01:00,1.0,0.019
1.0,15,0.002,1.0,16,1.0,,1.0,6,,도시대기,남해읍,0.006,1.0,238461,,25,0.4,,경남,7,1.0,,1.0,,1.0,2025-07-07 01:00,1.0,0.011
1.0,17,0.002,1.0,16,1.0,,1.0,11,,도시대기,산청읍,0.004,1.0,238471,,37,0.2,,경남,11,1.0,,1.0,,1.0,2025-07-07 01:00,1.0,0.016
1.0,-,0.003,,-,1.0,,,14,,교외대기,남상면,0.008,1.0,238481,,-,0.1,통신장애,경남,15,1.0,,1.0,,1.0,2025-07-07 01:00,,0.006
1.0,20,0.002,1.0,20,1.0,,1.0,14,,도시대기,의령읍,0.006,1.0,238491,,43,0.2,,경남,13,1.0,,1.0,,1.0,2025-07-07 01:00,1.0,0.013
1.0,21,0.003,1.0,25,1.0,,1.0,15,,도시대기,창녕읍,0.01,1.0,238501,,43,0.2,,경남,13,1.0,,1.0,,1.0,2025-07-07 01:00,1.0,0.011
2.0,20,0.003,1.0,20,1.0,,1.0,16,,도시대기,합천읍,0.004,1.0,238511,,50,0.2,,경남,15,1.0,,1.0,,1.0,2025-07-07 01:00,1.0,0.009
1.0,24,0.002,1.0,30,1.0,,1.0,9,,항만,마산항,0.02,1.0,238901,,40,0.1,,경남,12,1.0,,1.0,,1.0,2025-07-07 01:00,1.0,0.006
2.0,26,0.003,2.0,37,1.0,,1.0,16,,항만,하동항,0.013,1.0,238903,,47,0.3,,경남,14,1.0,,1.0,,1.0,2025-07-07 01:00,1.0,0.011
1.0,21,0.002,1.0,19,1.0,,1.0,7,,항만,삼천포항,0.011,1.0,238904,,35,0.1,,경남,6,1.0,,1.0,,1.0,2025-07-07 01:00,1.0,0.021
1.0,13,0.001,1.0,9,1.0,,1.0,5,,도시대기,이도동,0.006,1.0,339111,,23,0.2,,제주,6,1.0,,1.0,,1.0,2025-07-07 01:00,1.0,0.014
1.0,15,0.002,1.0,9,1.0,,1.0,4,,도시대기,연동,0.005,1.0,339112,,29,0.2,,제주,7,1.0,,1.0,,1.0,2025-07-07 01:00,1.0,0.017
1.0,12,0.002,1.0,10,1.0,,1.0,4,,도시대기,조천읍,0.010,1.0,339113,,20,0.2,,제주,4,1.0,,1.0,,1.0,2025-07-07 01:00,1.0,0.002
1.0,13,0.002,1.0,15,1.0,,1.0,7,,도시대기,한림읍,0.004,1.0,339114,,27,0.2,,제주,6,1.0,,1.0,,1.0,2025-07-07 01:00,1.0,0.016
1.0,14,0.002,1.0,14,1.0,,,11,통신장애,도시대기,화북동,-,1.0,339116,,-,0.2,,제주,7,,,1.0,,1.0,2025-07-07 01:00,1.0,0.009
1.0,14,0.002,1.0,10,1.0,,1.0,1,,도시대기,애월읍,0.004,1.0,339117,,36,0.3,,제주,4,1.0,,1.0,,1.0,2025-07-07 01:00,1.0,0.022
1.0,16,0.002,1.0,14,1.0,,1.0,6,,도시대기,동홍동,0.003,1.0,339121,,35,0.1,,제주,7,1.0,,1.0,,1.0,2025-07-07 01:00,1.0,0.021
1.0,16,0.001,1.0,16,1.0,,1.0,2,,도시대기,성산읍,0.004,1.0,339122,,27,0.1,,제주,3,1.0,,1.0,,1.0,2025-07-07 01:00,1.0,0.010
1.0,16,0.001,1.0,13,1.0,,1.0,6,,도시대기,남원읍,0.006,1.0,339123,,27,0.2,,제주,7,1.0,,1.0,,1.0,2025-07-07 01:00,1.0,0.016
1.0,9,0.002,1.0,6,1.0,,1.0,7,,도시대기,강정동,0.004,1.0,339124,,29,0.2,,제주,6,1.0,,1.0,,1.0,2025-07-07 01:00,1.0,0.017
1.0,12,0.001,1.0,12,1.0,,1.0,4,,도시대기,대정읍,0.003,1.0,339131,,33,0.2,,제주,4,1.0,,1.0,,1.0,2025-07-07 01:00,1.0,0.020
1.0,12,0.002,1.0,11,1.0,,1.0,2,,도로변대기,노형로,0.006,1.0,339211,,29,0.2,,제주,3,1.0,,1.0,,1.0,2025-07-07 01:00,1.0,0.017
1.0,22,-,1.0,21,,,,8,통신장애,국가배경농도(도서),고산리,-,,339312,통신장애,-,-,,제주,9,,통신장애,1.0,통신장애,,2025-07-07 01:00,1.0,-
1.0,14,0.001,1.0,8,1.0,,1.0,7,,항만,제주항,0.005,1.0,339401,,27,0.2,,제주,8,1.0,,1.0,,1.0,2025-07-07 01:00,1.0,0.016
1.0,29,0.003,2.0,33,2.0,,2.0,8,,도시대기,신흥동,0.004,1.0,541111,,52,0.3,,세종,10,1.0,,1.0,,1.0,2025-07-07 01:00,1.0,0.032
1.0,28,0.002,2.0,37,2.0,,2.0,5,,도시대기,아름동,0.003,1.0,541112,,54,0.3,,세종,8,1.0,,1.0,,1.0,2025-07-07 01:00,1.0,0.034
1.0,15,0.003,1.0,14,2.0,,2.0,7,,도시대기,한솔동,0.004,1.0,541113,,53,0.3,,세종,9,1.0,,1.0,,1.0,2025-07-07 01:00,1.0,0.033
2.0,21,0.003,1.0,17,1.0,,2.0,17,,도시대기,부강면,0.004,1.0,541114,,54,0.5,,세종,17,1.0,,2.0,,1.0,2025-07-07 01:00,1.0,0.026
2.0,26,0.003,1.0,26,2.0,,2.0,19,,도로변대기,보람동,0.005,1.0,541115,,56,0.2,,세종,18,1.0,,2.0,,1.0,2025-07-07 01:00,1.0,0.034
1.0,15,0.002,1.0,12,1.0,,1.0,8,,도시대기,전의면,0.005,1.0,541116,,45,0.3,,세종,9,1.0,,1.0,,1.0,2025-07-07 01:00,1.0,0.027
